2026-08-08 10:36:25,883 [INFO] Activator:176 - 


2026-08-08 10:36:25,885 [INFO] Activator:177 - !SESSION log4j initialized
2026-08-08 10:36:27,481 [ERROR] LogOutputStream:75 - [STDERR_REDIRECT] 
2026-08-08 10:36:29,907 [INFO] LogOutputStream:77 - [STDOUT_REDIRECT] 
2026-08-08 10:36:32,429 [INFO] ApplicationProperties:184 - Using Application install path: /Applications/STM32CubeIDE.app/Contents/Eclipse/plugins/com.st.stm32cube.common.mx_6.15.0.202507011659
2026-08-08 10:36:32,448 [INFO] DbMcusXml:78 - Set database path to: /Applications/STM32CubeIDE.app/Contents/Eclipse/plugins/com.st.stm32cube.common.mx_6.15.0.202507011659//db//mcu/
2026-08-08 10:36:32,449 [INFO] ApiDb:274 - Set plugin database path to: /Applications/STM32CubeIDE.app/Contents/Eclipse/plugins/com.st.stm32cube.common.mx_6.15.0.202507011659//db//plugins/boardmanager/
2026-08-08 10:36:32,451 [WARN] ApiDb:259 - Overriding images path with different value:  => /Applications/STM32CubeIDE.app/Contents/Eclipse/plugins/com.st.stm32cube.common.mx_6.15.0.202507011659//db//plugins/mcufinder/images/
2026-08-08 10:36:32,458 [INFO] ApiDb:250 - Set database path to: /Users/usuario/.stmcufinder/plugins/mcufinder//mcu/
2026-08-08 10:36:32,459 [INFO] DbMcusAds:125 - Set database path to: /Users/usuario/.stmcufinder/plugins/mcufinder//mcu/
2026-08-08 10:36:32,461 [INFO] CrossReferenceDbSqlite:203 - Set database path to: /Users/usuario/.stmcufinder/plugins/mcufinder//mcu/cs/
2026-08-08 10:36:32,678 [INFO] RulesReader:64 - Compatibility file has been processed (317 Rules)
2026-08-08 10:36:32,754 [INFO] DbMcusXml:78 - Set database path to: /Applications/STM32CubeIDE.app/Contents/Eclipse/plugins/com.st.stm32cube.common.mx_6.15.0.202507011659//db//mcu/
2026-08-08 10:36:32,754 [INFO] ApiDb:274 - Set plugin database path to: /Applications/STM32CubeIDE.app/Contents/Eclipse/plugins/com.st.stm32cube.common.mx_6.15.0.202507011659//db//plugins/boardmanager/
2026-08-08 10:36:32,754 [INFO] ApiDb:261 - Set plugin images path to: /Applications/STM32CubeIDE.app/Contents/Eclipse/plugins/com.st.stm32cube.common.mx_6.15.0.202507011659//db//plugins/mcufinder/images/
2026-08-08 10:36:32,754 [WARN] DbFile:41 - Overriding database path with different value: /Users/usuario/.stmcufinder/plugins/mcufinder/ => /Users/usuario/.stmcufinder/plugins/mcufinder
2026-08-08 10:36:32,755 [INFO] ApiDb:250 - Set database path to: /Users/usuario/.stmcufinder/plugins/mcufinder//mcu/
2026-08-08 10:36:32,755 [WARN] DbFile:41 - Overriding database path with different value: /Users/usuario/.stmcufinder/plugins/mcufinder/ => /Users/usuario/.stmcufinder/plugins/mcufinder
2026-08-08 10:36:32,755 [INFO] DbMcusAds:125 - Set database path to: /Users/usuario/.stmcufinder/plugins/mcufinder//mcu/
2026-08-08 10:36:32,755 [WARN] DbFile:41 - Overriding database path with different value: /Users/usuario/.stmcufinder/plugins/mcufinder/ => /Users/usuario/.stmcufinder/plugins/mcufinder
2026-08-08 10:36:32,755 [WARN] DbFile:41 - Overriding database path with different value: /Users/usuario/.stmcufinder/plugins/mcufinder/ => /Users/usuario/.stmcufinder/plugins/mcufinder
2026-08-08 10:36:32,755 [INFO] CrossReferenceDbSqlite:203 - Set database path to: /Users/usuario/.stmcufinder/plugins/mcufinder//mcu/cs/
2026-08-08 10:36:32,819 [INFO] MainPanel:274 - HeapMemory: 268435456
2026-08-08 10:36:34,216 [INFO] DbMcusXml:78 - Set database path to: /Applications/STM32CubeIDE.app/Contents/Eclipse/plugins/com.st.stm32cube.common.mx_6.15.0.202507011659//db//mcu/
2026-08-08 10:36:34,217 [INFO] ApiDb:274 - Set plugin database path to: /Applications/STM32CubeIDE.app/Contents/Eclipse/plugins/com.st.stm32cube.common.mx_6.15.0.202507011659//db//plugins/boardmanager/
2026-08-08 10:36:34,217 [INFO] ApiDb:261 - Set plugin images path to: /Applications/STM32CubeIDE.app/Contents/Eclipse/plugins/com.st.stm32cube.common.mx_6.15.0.202507011659//db//plugins/mcufinder/images/
2026-08-08 10:36:34,218 [WARN] DbFile:41 - Overriding database path with different value: /Users/usuario/.stmcufinder/plugins/mcufinder/ => /Users/usuario/.stmcufinder/plugins/mcufinder
2026-08-08 10:36:34,218 [INFO] ApiDb:250 - Set database path to: /Users/usuario/.stmcufinder/plugins/mcufinder//mcu/
2026-08-08 10:36:34,218 [WARN] DbFile:41 - Overriding database path with different value: /Users/usuario/.stmcufinder/plugins/mcufinder/ => /Users/usuario/.stmcufinder/plugins/mcufinder
2026-08-08 10:36:34,218 [INFO] DbMcusAds:125 - Set database path to: /Users/usuario/.stmcufinder/plugins/mcufinder//mcu/
2026-08-08 10:36:34,218 [WARN] DbFile:41 - Overriding database path with different value: /Users/usuario/.stmcufinder/plugins/mcufinder/ => /Users/usuario/.stmcufinder/plugins/mcufinder
2026-08-08 10:36:34,218 [WARN] DbFile:41 - Overriding database path with different value: /Users/usuario/.stmcufinder/plugins/mcufinder/ => /Users/usuario/.stmcufinder/plugins/mcufinder
2026-08-08 10:36:34,218 [INFO] CrossReferenceDbSqlite:203 - Set database path to: /Users/usuario/.stmcufinder/plugins/mcufinder//mcu/cs/
2026-08-08 10:36:34,256 [INFO] ApplicationProperties:184 - Using Application install path: /Applications/STM32CubeIDE.app/Contents/Eclipse/plugins/com.st.stm32cube.common.mx_6.15.0.202507011659
2026-08-08 10:36:34,258 [INFO] PluginManage:196 - Search for loadable plugins [exclusion list=, ]
2026-08-08 10:36:34,261 [INFO] PluginManage:310 - Check plugin analytics
2026-08-08 10:36:34,746 [INFO] AnalyticsPlugin:253 - Accepted Software Licenses: 
2026-08-08 10:36:34,747 [INFO] AnalyticsPlugin:255 - Accepted CMSIS Pack Licenses: 
2026-08-08 10:36:34,747 [INFO] AnalyticsPlugin:257 - Accepted Firmware Licenses: FW.F4.1.28.0
2026-08-08 10:36:34,763 [INFO] PluginManage:359 - Loaded plugin analytics (category:tool,tabindex:-1)
2026-08-08 10:36:34,767 [INFO] PluginManage:310 - Check plugin cadmodel
2026-08-08 10:36:34,784 [INFO] CADModel:105 - Init CAD model plugin
2026-08-08 10:36:34,784 [INFO] PluginManage:359 - Loaded plugin cadmodel (category:power,tabindex:5)
2026-08-08 10:36:34,785 [INFO] PluginManage:310 - Check plugin clock
2026-08-08 10:36:34,797 [INFO] PluginManage:359 - Loaded plugin clock (category:base,tabindex:2)
2026-08-08 10:36:34,798 [INFO] PluginManage:310 - Check plugin ddr
2026-08-08 10:36:34,800 [INFO] PluginManage:359 - Loaded plugin ddr (category:tool,tabindex:6)
2026-08-08 10:36:34,800 [INFO] PluginManage:310 - Check plugin filemanager
2026-08-08 10:36:36,601 [INFO] PluginManage:359 - Loaded plugin filemanager (category:base,tabindex:10)
2026-08-08 10:36:36,610 [INFO] PluginManage:310 - Check plugin ipmanager
2026-08-08 10:36:36,746 [INFO] PluginManage:359 - Loaded plugin ipmanager (category:base,tabindex:5)
2026-08-08 10:36:36,753 [INFO] PluginManage:310 - Check plugin lpbam
2026-08-08 10:36:36,881 [INFO] PluginManage:359 - Loaded plugin lpbam (category:base,tabindex:0)
2026-08-08 10:36:36,890 [INFO] PluginManage:310 - Check plugin memorymap
2026-08-08 10:36:36,925 [INFO] PluginManage:359 - Loaded plugin memorymap (category:base,tabindex:4)
2026-08-08 10:36:36,926 [INFO] PluginManage:310 - Check plugin pinoutandconfiguration
2026-08-08 10:36:36,938 [INFO] PluginManage:359 - Loaded plugin pinoutandconfiguration (category:base,tabindex:1)
2026-08-08 10:36:36,939 [INFO] PluginManage:310 - Check plugin pinoutconfig
2026-08-08 10:36:37,123 [WARN] SupportedApi:132 - Cannot load RTOS API schema: s4s-elt-must-match.1: The content of 'definitions' must match (annotation?, (simpleType | complexType)?, (unique | key | keyref)*)). A problem was found starting at: attribute.
2026-08-08 10:36:37,487 [INFO] PluginManage:359 - Loaded plugin pinoutconfig (category:base,tabindex:0)
2026-08-08 10:36:37,488 [INFO] PluginManage:310 - Check plugin power
2026-08-08 10:36:37,578 [INFO] PluginManage:359 - Loaded plugin power (category:power,tabindex:4)
2026-08-08 10:36:37,578 [INFO] PluginManage:310 - Check plugin projectmanager
2026-08-08 10:36:37,687 [INFO] PluginManage:359 - Loaded plugin projectmanager (category:projectmanager,tabindex:4)
2026-08-08 10:36:37,688 [INFO] PluginManage:310 - Check plugin rif
2026-08-08 10:36:37,713 [INFO] PluginManage:359 - Loaded plugin rif (category:base,tabindex:3)
2026-08-08 10:36:37,713 [INFO] PluginManage:310 - Check plugin thirdparty
2026-08-08 10:36:38,044 [INFO] PluginManage:359 - Loaded plugin thirdparty (category:base,tabindex:-1)
2026-08-08 10:36:38,045 [INFO] PluginManage:310 - Check plugin tools
2026-08-08 10:36:38,050 [INFO] PluginManage:359 - Loaded plugin tools (category:base,tabindex:7)
2026-08-08 10:36:38,050 [INFO] PluginManage:310 - Check plugin tutovideos
2026-08-08 10:36:38,044 [WARN] IntegrityCheckThread:84 - waiting for thirdparty lock release [integrity check]
2026-08-08 10:36:38,051 [INFO] IntegrityCheckThread:86 - entering critical section [integrity check]
2026-08-08 10:36:38,052 [INFO] ThirdPartyUpdaterWithRetryManager:70 - Updater plugin not ready yet. [1/15]
2026-08-08 10:36:38,283 [INFO] PluginManage:359 - Loaded plugin tutovideos (category:base,tabindex:-1)
2026-08-08 10:36:38,283 [INFO] PluginManage:310 - Check plugin updater
2026-08-08 10:36:38,316 [INFO] PluginManage:359 - Loaded plugin updater (category:base,tabindex:12)
2026-08-08 10:36:38,316 [INFO] PluginManage:310 - Check plugin userauth
2026-08-08 10:36:38,321 [INFO] UserAuth:118 - Init User Auth plugin
2026-08-08 10:36:38,322 [INFO] PluginManage:359 - Loaded plugin userauth (category:base,tabindex:14)
2026-08-08 10:36:38,323 [INFO] PluginManage:283 - PluginManage : Loaded plugins [18]
2026-08-08 10:36:38,604 [INFO] PinOutPanel:1589 - setPackage(No Configuration,No Configuration)
2026-08-08 10:36:38,698 [INFO] CADModel:165 - CPN selected for project level
2026-08-08 10:36:38,698 [INFO] CADModel:114 - Register for checkConnection events
2026-08-08 10:36:38,716 [INFO] IPUIPlugin:80 - create IPUIPlugin
2026-08-08 10:36:38,717 [INFO] PluginManager:220 - loadIPPluginJar : add mdma
2026-08-08 10:36:38,724 [INFO] IPUIPlugin:80 - create IPUIPlugin
2026-08-08 10:36:38,725 [INFO] PluginManager:220 - loadIPPluginJar : add freertos
2026-08-08 10:36:38,730 [INFO] IPUIPlugin:80 - create IPUIPlugin
2026-08-08 10:36:38,731 [INFO] PluginManager:220 - loadIPPluginJar : add gic
2026-08-08 10:36:38,739 [INFO] IPUIPlugin:80 - create IPUIPlugin
2026-08-08 10:36:38,739 [INFO] PluginManager:220 - loadIPPluginJar : add adc
2026-08-08 10:36:38,742 [INFO] IPUIPlugin:80 - create IPUIPlugin
2026-08-08 10:36:38,742 [INFO] PluginManager:220 - loadIPPluginJar : add gtzc
2026-08-08 10:36:38,743 [INFO] IPUIPlugin:80 - create IPUIPlugin
2026-08-08 10:36:38,743 [INFO] PluginManager:220 - loadIPPluginJar : add quadspi
2026-08-08 10:36:38,745 [INFO] IPUIPlugin:80 - create IPUIPlugin
2026-08-08 10:36:38,745 [INFO] PluginManager:220 - loadIPPluginJar : add aes
2026-08-08 10:36:38,747 [INFO] IPUIPlugin:80 - create IPUIPlugin
2026-08-08 10:36:38,747 [INFO] PluginManager:220 - loadIPPluginJar : add pdm2pcm
2026-08-08 10:36:38,748 [INFO] IPUIPlugin:80 - create IPUIPlugin
2026-08-08 10:36:38,748 [INFO] PluginManager:220 - loadIPPluginJar : add hash
2026-08-08 10:36:38,749 [INFO] IPUIPlugin:80 - create IPUIPlugin
2026-08-08 10:36:38,749 [INFO] PluginManager:220 - loadIPPluginJar : add tim
2026-08-08 10:36:38,750 [INFO] IPUIPlugin:80 - create IPUIPlugin
2026-08-08 10:36:38,750 [INFO] PluginManager:220 - loadIPPluginJar : add tsc
2026-08-08 10:36:38,752 [INFO] IPUIPlugin:80 - create IPUIPlugin
2026-08-08 10:36:38,752 [INFO] PluginManager:220 - loadIPPluginJar : add extmemmanager
2026-08-08 10:36:38,756 [INFO] IPUIPlugin:80 - create IPUIPlugin
2026-08-08 10:36:38,756 [INFO] PluginManager:220 - loadIPPluginJar : add ts
2026-08-08 10:36:38,757 [INFO] IPUIPlugin:80 - create IPUIPlugin
2026-08-08 10:36:38,757 [INFO] PluginManager:220 - loadIPPluginJar : add radio
2026-08-08 10:36:38,759 [INFO] IPUIPlugin:80 - create IPUIPlugin
2026-08-08 10:36:38,759 [INFO] PluginManager:220 - loadIPPluginJar : add can
2026-08-08 10:36:38,761 [INFO] IPUIPlugin:80 - create IPUIPlugin
2026-08-08 10:36:38,761 [INFO] PluginManager:220 - loadIPPluginJar : add dma3
2026-08-08 10:36:38,763 [INFO] IPUIPlugin:80 - create IPUIPlugin
2026-08-08 10:36:38,763 [INFO] PluginManager:220 - loadIPPluginJar : add dfsdm
2026-08-08 10:36:38,764 [INFO] IPUIPlugin:80 - create IPUIPlugin
2026-08-08 10:36:38,765 [INFO] PluginManager:220 - loadIPPluginJar : add spi
2026-08-08 10:36:38,766 [INFO] IPUIPlugin:80 - create IPUIPlugin
2026-08-08 10:36:38,766 [INFO] PluginManager:220 - loadIPPluginJar : add gfxmmu
2026-08-08 10:36:38,768 [INFO] IPUIPlugin:80 - create IPUIPlugin
2026-08-08 10:36:38,768 [INFO] PluginManager:220 - loadIPPluginJar : add genericplugin
2026-08-08 10:36:38,769 [INFO] IPUIPlugin:80 - create IPUIPlugin
2026-08-08 10:36:38,770 [INFO] PluginManager:220 - loadIPPluginJar : add cryp
2026-08-08 10:36:38,777 [INFO] IPUIPlugin:80 - create IPUIPlugin
2026-08-08 10:36:38,777 [INFO] PluginManager:220 - loadIPPluginJar : add gpio
2026-08-08 10:36:38,780 [INFO] IPUIPlugin:80 - create IPUIPlugin
2026-08-08 10:36:38,781 [INFO] PluginManager:220 - loadIPPluginJar : add ddr_ctrl_phy
2026-08-08 10:36:38,783 [INFO] IPUIPlugin:80 - create IPUIPlugin
2026-08-08 10:36:38,783 [INFO] PluginManager:220 - loadIPPluginJar : add comp
2026-08-08 10:36:38,785 [INFO] IPUIPlugin:80 - create IPUIPlugin
2026-08-08 10:36:38,786 [INFO] PluginManager:220 - loadIPPluginJar : add tracer_emb
2026-08-08 10:36:38,787 [INFO] IPUIPlugin:80 - create IPUIPlugin
2026-08-08 10:36:38,787 [INFO] PluginManager:220 - loadIPPluginJar : add openamp
2026-08-08 10:36:38,792 [INFO] IPUIPlugin:80 - create IPUIPlugin
2026-08-08 10:36:38,797 [INFO] PluginManager:220 - loadIPPluginJar : add stm32_wpan
2026-08-08 10:36:38,804 [INFO] IPUIPlugin:80 - create IPUIPlugin
2026-08-08 10:36:38,808 [INFO] PluginManager:220 - loadIPPluginJar : add plateformsettings
2026-08-08 10:36:38,814 [INFO] IPUIPlugin:80 - create IPUIPlugin
2026-08-08 10:36:38,814 [INFO] PluginManager:220 - loadIPPluginJar : add ipddr
2026-08-08 10:36:38,819 [INFO] IPUIPlugin:80 - create IPUIPlugin
2026-08-08 10:36:38,819 [INFO] PluginManager:220 - loadIPPluginJar : add usart
2026-08-08 10:36:38,820 [INFO] IPUIPlugin:80 - create IPUIPlugin
2026-08-08 10:36:38,820 [INFO] PluginManager:220 - loadIPPluginJar : add ltdc
2026-08-08 10:36:38,824 [INFO] IPUIPlugin:80 - create IPUIPlugin
2026-08-08 10:36:38,824 [INFO] PluginManager:220 - loadIPPluginJar : add nvic
2026-08-08 10:36:38,827 [INFO] IPUIPlugin:80 - create IPUIPlugin
2026-08-08 10:36:38,828 [INFO] PluginManager:220 - loadIPPluginJar : add fatfs
2026-08-08 10:36:38,835 [INFO] IPUIPlugin:80 - create IPUIPlugin
2026-08-08 10:36:38,835 [INFO] PluginManager:220 - loadIPPluginJar : add linkedlist
2026-08-08 10:36:38,841 [INFO] IPUIPlugin:80 - create IPUIPlugin
2026-08-08 10:36:38,841 [INFO] PluginManager:220 - loadIPPluginJar : add dma
2026-08-08 10:36:38,846 [INFO] IPUIPlugin:80 - create IPUIPlugin
2026-08-08 10:36:38,846 [INFO] PluginManager:220 - loadIPPluginJar : add fmc
2026-08-08 10:36:38,848 [INFO] IPUIPlugin:80 - create IPUIPlugin
2026-08-08 10:36:38,848 [INFO] PluginManager:220 - loadIPPluginJar : add i2s
2026-08-08 10:36:38,849 [INFO] IPUIPlugin:80 - create IPUIPlugin
2026-08-08 10:36:38,850 [INFO] PluginManager:220 - loadIPPluginJar : add ucpd
2026-08-08 10:36:38,851 [INFO] IPUIPlugin:80 - create IPUIPlugin
2026-08-08 10:36:38,852 [INFO] PluginManager:220 - loadIPPluginJar : add lorawan
2026-08-08 10:36:38,854 [INFO] IPUIPlugin:80 - create IPUIPlugin
2026-08-08 10:36:38,854 [INFO] PluginManager:220 - loadIPPluginJar : add opamp
2026-08-08 10:36:38,858 [INFO] IPUIPlugin:80 - create IPUIPlugin
2026-08-08 10:36:38,858 [INFO] PluginManager:220 - loadIPPluginJar : add i3c
2026-08-08 10:36:38,863 [INFO] IPUIPlugin:80 - create IPUIPlugin
2026-08-08 10:36:38,864 [INFO] PluginManager:220 - loadIPPluginJar : add touchsensing
2026-08-08 10:36:38,875 [INFO] IPUIPlugin:80 - create IPUIPlugin
2026-08-08 10:36:38,876 [INFO] PluginManager:220 - loadIPPluginJar : add i2c
2026-08-08 10:36:38,881 [INFO] IPUIPlugin:80 - create IPUIPlugin
2026-08-08 10:36:38,881 [INFO] PluginManager:220 - loadIPPluginJar : add resmgrutility
2026-08-08 10:36:38,884 [INFO] IPUIPlugin:80 - create IPUIPlugin
2026-08-08 10:36:38,884 [INFO] PluginManager:220 - loadIPPluginJar : add sai
2026-08-08 10:36:38,888 [INFO] IPUIPlugin:80 - create IPUIPlugin
2026-08-08 10:36:38,888 [INFO] PluginManager:220 - loadIPPluginJar : add usbx
2026-08-08 10:36:39,054 [FATAL] Updater:351 - Updater called before beeing initialized
2026-08-08 10:36:39,183 [INFO] RulesReader:64 - Compatibility file has been processed (317 Rules)
2026-08-08 10:36:39,216 [INFO] RulesReader:64 - Compatibility file has been processed (317 Rules)
2026-08-08 10:36:39,279 [INFO] CADModel:165 - CPN selected for project level
2026-08-08 10:36:39,279 [INFO] CADModel:114 - Register for checkConnection events
2026-08-08 10:36:39,279 [FATAL] Updater:351 - Updater called before beeing initialized
2026-08-08 10:36:39,279 [ERROR] CADModel:125 - Updater not yet initialized, retry later 
2026-08-08 10:36:40,395 [FATAL] Updater:351 - Updater called before beeing initialized
2026-08-08 10:36:40,399 [INFO] CADModel:165 - CPN selected for project level
2026-08-08 10:36:40,399 [INFO] CADModel:114 - Register for checkConnection events
2026-08-08 10:36:40,399 [FATAL] Updater:351 - Updater called before beeing initialized
2026-08-08 10:36:40,400 [ERROR] CADModel:125 - Updater not yet initialized, retry later 
2026-08-08 10:36:40,404 [FATAL] Updater:351 - Updater called before beeing initialized
2026-08-08 10:36:40,650 [FATAL] Updater:351 - Updater called before beeing initialized
2026-08-08 10:36:40,658 [INFO] DbMcusAds:53 - JSON generation date=Mon Apr 27 03:14:29 COT 2026 (1777277669577)
2026-08-08 10:36:40,658 [FATAL] Updater:351 - Updater called before beeing initialized
2026-08-08 10:36:40,731 [WARN] DetailPanel:346 - Failed to get advertising image, set to default
2026-08-08 10:36:40,860 [FATAL] Updater:351 - Updater called before beeing initialized
2026-08-08 10:36:40,867 [FATAL] Updater:351 - Updater called before beeing initialized
2026-08-08 10:36:40,868 [FATAL] Updater:351 - Updater called before beeing initialized
2026-08-08 10:36:40,869 [WARN] DetailPanel:346 - Failed to get advertising image, set to default
2026-08-08 10:36:40,875 [FATAL] Updater:351 - Updater called before beeing initialized
2026-08-08 10:36:40,984 [ERROR] Updater:1198 - MainUpdater not yet initialized. External WinMGr cannot be set.
2026-08-08 10:36:40,995 [INFO] Updater:1134 - Updater Version found : 6.15.0
2026-08-08 10:36:41,019 [INFO] ApplicationProperties:184 - Using Application install path: /Applications/STM32CubeIDE.app/Contents/Eclipse/plugins/com.st.stm32cube.common.mx_6.15.0.202507011659
2026-08-08 10:36:41,058 [INFO] ThirdPartyUpdaterWithRetryManager:70 - Updater plugin not ready yet. [2/15]
2026-08-08 10:36:41,480 [INFO] MainUpdater:2872 - connection check result : 10
2026-08-08 10:36:41,481 [INFO] MainUpdater:289 - Updater Check For Update Now.
2026-08-08 10:36:41,481 [INFO] MicroXplorer:498 - Change Database Version : DB.6.0.150
2026-08-08 10:36:41,489 [INFO] McuFinderGlobals:63 - Set McuFinder mode to 2 (CubeIDE integrated)
2026-08-08 10:36:41,491 [INFO] UserAuth:487 - Internet connection configuration mode: 1
2026-08-08 10:36:41,513 [INFO] JxBrowserEngine:152 - Initiate JxBrowser Engine with user profile folder
2026-08-08 10:36:41,779 [INFO] CheckServerUpdateThread:120 - End of CheckServer Thread
2026-08-08 10:36:44,321 [WARN] PackLoader:240 - Cannot read IP mode file for STMicroelectronics.FP-SNS-MOTENVWB1.1.4.0
2026-08-08 10:36:44,354 [WARN] PackLoader:240 - Cannot read IP mode file for STMicroelectronics.FP-ATR-ASTRA1.2.0.2
2026-08-08 10:36:44,372 [ERROR] Engine:466 - /Users/usuario/.stm32cubemx/thirdparties/pdsc/STMicroelectronics.X-CUBE-SMBUS.2.1.1.pdsc: PDSC version is not supported
2026-08-08 10:36:44,383 [WARN] PackLoader:240 - Cannot read IP mode file for STMicroelectronics.X-CUBE-SMBUS.2.1.0
2026-08-08 10:36:44,483 [WARN] PackLoader:240 - Cannot read IP mode file for STMicroelectronics.X-CUBE-AZRTOS-F7.1.1.0
2026-08-08 10:36:44,558 [WARN] PackLoader:240 - Cannot read IP mode file for STMicroelectronics.X-CUBE-FREERTOS.1.6.0
2026-08-08 10:36:44,782 [WARN] PackLoader:240 - Cannot read IP mode file for STMicroelectronics.X-CUBE-AZRTOS-H7RS.1.3.0
2026-08-08 10:36:44,839 [WARN] PackLoader:240 - Cannot read IP mode file for STMicroelectronics.X-CUBE-DISPLAY.3.0.0
2026-08-08 10:36:44,919 [WARN] PackLoader:240 - Cannot read IP mode file for STMicroelectronics.X-CUBE-GNSS1.7.1.1
2026-08-08 10:36:44,951 [WARN] PackLoader:240 - Cannot read IP mode file for STMicroelectronics.X-CUBE-NFC10.1.0.0
2026-08-08 10:36:44,964 [ERROR] Engine:466 - /Users/usuario/.stm32cubemx/thirdparties/pdsc/STMicroelectronics.X-CUBE-WBA.1.1.0.pdsc: PDSC version is not supported
2026-08-08 10:36:44,984 [WARN] PackLoader:240 - Cannot read IP mode file for STMicroelectronics.X-CUBE-GNSS1.7.1.0
2026-08-08 10:36:45,018 [WARN] PackLoader:240 - Cannot read IP mode file for STMicroelectronics.FP-SNS-SMARTAG2.1.2.0
2026-08-08 10:36:45,028 [WARN] PackLoader:240 - Cannot read IP mode file for STMicroelectronics.FP-SNS-FLIGHT1.5.1.0
2026-08-08 10:36:45,047 [INFO] LogOutputStream:77 - [STDOUT_REDIRECT] 1 : Invalid condition id : UX_CORESTACK_Condition cause : null
2026-08-08 10:36:45,054 [INFO] LogOutputStream:77 - [STDOUT_REDIRECT] 1 : Invalid condition id : UX_CORESTACK_Condition cause : null
2026-08-08 10:36:45,055 [INFO] LogOutputStream:77 - [STDOUT_REDIRECT] 1 : Invalid condition id : UX_CORESTACK_Condition cause : null
2026-08-08 10:36:45,055 [INFO] LogOutputStream:77 - [STDOUT_REDIRECT] 1 : Invalid condition id : UX_CORESTACK_Condition cause : null
2026-08-08 10:36:45,055 [INFO] LogOutputStream:77 - [STDOUT_REDIRECT] 1 : Invalid condition id : UX_CORESTACK_Condition cause : null
2026-08-08 10:36:45,090 [WARN] PackLoader:240 - Cannot read IP mode file for STMicroelectronics.X-CUBE-AZRTOS-WL.2.0.0
2026-08-08 10:36:45,212 [WARN] PackLoader:240 - Cannot read IP mode file for STMicroelectronics.X-CUBE-AZRTOS-H7RS.1.2.0
2026-08-08 10:36:45,366 [WARN] PackLoader:240 - Cannot read IP mode file for STMicroelectronics.X-CUBE-BLE2.3.3.0
2026-08-08 10:36:45,462 [WARN] PackLoader:240 - Cannot read IP mode file for STMicroelectronics.X-CUBE-NFC9.1.0.0
2026-08-08 10:36:45,504 [WARN] PackLoader:240 - Cannot read IP mode file for STMicroelectronics.X-CUBE-BLE1.7.1.0
2026-08-08 10:36:45,537 [WARN] PackLoader:240 - Cannot read IP mode file for STMicroelectronics.X-CUBE-FREERTOS.1.4.0
2026-08-08 10:36:45,595 [WARN] PackLoader:240 - Cannot read IP mode file for STMicroelectronics.FP-SNS-STAIOTCFT.1.1.0
2026-08-08 10:36:45,832 [WARN] PackLoader:240 - Cannot read IP mode file for STMicroelectronics.X-CUBE-MEMS1.12.0.0
2026-08-08 10:36:46,269 [WARN] PackLoader:240 - Cannot read IP mode file for STMicroelectronics.X-CUBE-AZRTOS-G0.1.1.0
2026-08-08 10:36:46,315 [WARN] PackLoader:240 - Cannot read IP mode file for STMicroelectronics.X-CUBE-NFC4.3.0.0
2026-08-08 10:36:46,356 [WARN] PackLoader:240 - Cannot read IP mode file for EmbeddedOffice.I-CUBE-FS-RTOS.1.0.1
2026-08-08 10:36:46,422 [WARN] PackLoader:240 - Cannot read IP mode file for STMicroelectronics.X-CUBE-WB05N.2.0.0
2026-08-08 10:36:46,445 [WARN] PackLoader:240 - Cannot read IP mode file for STMicroelectronics.X-CUBE-TCPP.4.2.0
2026-08-08 10:36:46,460 [WARN] PackLoader:240 - Cannot read IP mode file for RealThread.X-CUBE-RT-Thread_Nano.4.1.1
2026-08-08 10:36:46,474 [WARN] PackLoader:240 - Cannot read IP mode file for STMicroelectronics.FP-ATR-SIGFOX1.3.2.0
2026-08-08 10:36:46,482 [WARN] PackLoader:240 - Cannot read IP mode file for STMicroelectronics.X-CUBE-FREERTOS.1.5.0
2026-08-08 10:36:46,498 [WARN] PackLoader:240 - Cannot read IP mode file for STMicroelectronics.X-CUBE-AI.10.2.1
2026-08-08 10:36:46,611 [WARN] PackLoader:240 - Cannot read IP mode file for STMicroelectronics.X-CUBE-MEMS1.12.1.0
2026-08-08 10:36:46,860 [WARN] PackLoader:240 - Cannot read IP mode file for SEGGER.I-CUBE-embOS.1.3.1
2026-08-08 10:36:46,929 [WARN] PackLoader:240 - Cannot read IP mode file for STMicroelectronics.X-CUBE-ALGOBUILD.1.4.0
2026-08-08 10:36:46,944 [WARN] PackLoader:240 - Cannot read IP mode file for STMicroelectronics.X-CUBE-NFC13.1.0.0
2026-08-08 10:36:46,964 [WARN] PackLoader:240 - Cannot read IP mode file for STMicroelectronics.X-CUBE-PM33A1.1.0.0
2026-08-08 10:36:46,994 [WARN] PackLoader:240 - Cannot read IP mode file for STMicroelectronics.X-CUBE-AZRTOS-F4.1.1.0
2026-08-08 10:36:47,006 [WARN] PackLoader:240 - Cannot read IP mode file for STMicroelectronics.X-CUBE-ISPU.2.1.0
2026-08-08 10:36:47,036 [WARN] PackLoader:240 - Cannot read IP mode file for STMicroelectronics.X-CUBE-AZRTOS-L5.2.0.0
2026-08-08 10:36:47,055 [WARN] PackLoader:240 - Cannot read IP mode file for STMicroelectronics.X-CUBE-ALGOBUILD.1.5.0
2026-08-08 10:36:47,061 [ERROR] Engine:466 - /Users/usuario/.stm32cubemx/thirdparties/pdsc/STMicroelectronics.X-CUBE-ST67W61.1.3.0.pdsc: PDSC version is not supported
2026-08-08 10:36:47,068 [WARN] PackLoader:240 - Cannot read IP mode file for STMicroelectronics.FP-SNS-STAIOTCFT.1.0.0
2026-08-08 10:36:47,076 [WARN] PackLoader:240 - Cannot read IP mode file for STMicroelectronics.X-CUBE-DPower.1.3.0
2026-08-08 10:36:47,112 [WARN] ConditionMgr:438 - getConditionDescription Invalid condition id : LAN8742 Phy interface Condition cause : null
2026-08-08 10:36:47,115 [WARN] PackLoader:240 - Cannot read IP mode file for STMicroelectronics.X-CUBE-AZRTOS-L4.2.0.0
2026-08-08 10:36:47,118 [WARN] ConditionMgr:1044 - genDependencies : Invalid condition id : LAN8742 Phy interface Condition cause : null
2026-08-08 10:36:47,119 [WARN] ConditionMgr:1044 - genDependencies : Invalid condition id : LAN8742 Phy interface Condition cause : null
2026-08-08 10:36:47,121 [WARN] ConditionMgr:1044 - genDependencies : Invalid condition id : LAN8742 Phy interface Condition cause : null
2026-08-08 10:36:47,134 [WARN] PackLoader:240 - Cannot read IP mode file for STMicroelectronics.X-CUBE-SFXS2LP1.4.0.0
2026-08-08 10:36:47,159 [WARN] PackLoader:240 - Cannot read IP mode file for STMicroelectronics.X-CUBE-BLEMGR.4.1.0
2026-08-08 10:36:47,186 [WARN] ConditionMgr:438 - getConditionDescription Invalid condition id : UX DEVICE CLASS RTOS Condition cause : null
2026-08-08 10:36:47,187 [WARN] ConditionMgr:438 - getConditionDescription Invalid condition id : UX DEVICE CLASS RTOS Condition cause : null
2026-08-08 10:36:47,193 [WARN] PackLoader:240 - Cannot read IP mode file for STMicroelectronics.X-CUBE-AZRTOS-WB.2.0.0
2026-08-08 10:36:47,196 [WARN] ConditionMgr:1044 - genDependencies : Invalid condition id : UX DEVICE CLASS RTOS Condition cause : null
2026-08-08 10:36:47,196 [WARN] ConditionMgr:1044 - genDependencies : Invalid condition id : UX DEVICE CLASS RTOS Condition cause : null
2026-08-08 10:36:47,197 [WARN] ConditionMgr:1044 - genDependencies : Invalid condition id : UX DEVICE CLASS RTOS Condition cause : null
2026-08-08 10:36:47,197 [WARN] ConditionMgr:1044 - genDependencies : Invalid condition id : UX DEVICE CLASS RTOS Condition cause : null
2026-08-08 10:36:47,197 [WARN] ConditionMgr:1044 - genDependencies : Invalid condition id : UX DEVICE CLASS RTOS Condition cause : null
2026-08-08 10:36:47,213 [WARN] PackLoader:240 - Cannot read IP mode file for STMicroelectronics.X-CUBE-SUBG2.5.0.0
2026-08-08 10:36:47,239 [WARN] PackLoader:240 - Cannot read IP mode file for STMicroelectronics.X-CUBE-AZRTOS-G4.2.0.0
2026-08-08 10:36:47,246 [WARN] PackLoader:240 - Cannot read IP mode file for STMicroelectronics.X-CUBE-NFC7.2.0.0
2026-08-08 10:36:47,250 [ERROR] Engine:466 - /Users/usuario/.stm32cubemx/thirdparties/pdsc/STMicroelectronics.X-CUBE-BLEMGR.4.2.0.pdsc: PDSC version is not supported
2026-08-08 10:36:47,253 [WARN] PackLoader:240 - Cannot read IP mode file for STMicroelectronics.X-CUBE-ALS.1.0.2
2026-08-08 10:36:47,269 [WARN] PackLoader:240 - Cannot read IP mode file for STMicroelectronics.X-CUBE-TOF1.3.4.3
2026-08-08 10:36:47,280 [INFO] ThirdParty:978 - Integrity check success = true
2026-08-08 10:36:47,280 [INFO] IntegrityCheckThread:100 - exiting critical section [integrity check]
2026-08-08 10:36:47,281 [INFO] IntegrityCheckThread:103 - End integrity checks thread
2026-08-08 10:36:49,948 [INFO] WebApp:169 - Instantiating new browser for Auth
2026-08-08 10:36:52,361 [INFO] WebApp:463 - Apply proxy settings
2026-08-08 10:36:52,384 [INFO] WebApp:508 - Chromium authenticates against Manually configured proxy
2026-08-08 10:36:52,401 [INFO] WebApp:516 - Username used for proxy authentication: 
2026-08-08 10:36:52,454 [INFO] WebApp:900 - Register for checkConnection events
2026-08-08 10:36:52,454 [INFO] WebApp:463 - Apply proxy settings
2026-08-08 10:36:52,458 [INFO] WebApp:508 - Chromium authenticates against Manually configured proxy
2026-08-08 10:36:52,459 [INFO] WebApp:516 - Username used for proxy authentication: 
2026-08-08 10:36:52,697 [INFO] WebApp:225 - Starting web application
2026-08-08 10:36:52,697 [INFO] WebApp:593 - Web application path used /Applications/STM32CubeIDE.app/Contents/Eclipse/plugins/com.st.stm32cube.common.mx_6.15.0.202507011659/db/plugins/mcufinder/reactClient1/index.html
2026-08-08 10:36:53,441 [INFO] WebApp:191 - Connection restablished
2026-08-08 10:36:53,560 [INFO] UserAuth:487 - Internet connection configuration mode: 1
2026-08-08 10:46:01,072 [INFO] Activator:176 - 


2026-08-08 10:46:01,074 [INFO] Activator:177 - !SESSION log4j initialized
2026-08-08 10:46:02,859 [INFO] LogOutputStream:77 - [STDOUT_REDIRECT] 
2026-08-08 10:46:05,724 [ERROR] LogOutputStream:75 - [STDERR_REDIRECT] 
2026-08-08 10:46:07,565 [INFO] LogOutputStream:77 - [STDOUT_REDIRECT] 
2026-08-08 10:46:08,245 [INFO] ApplicationProperties:184 - Using Application install path: /Applications/STM32CubeIDE.app/Contents/Eclipse/plugins/com.st.stm32cube.common.mx_6.15.0.202507011659
2026-08-08 10:46:08,258 [INFO] DbMcusXml:78 - Set database path to: /Applications/STM32CubeIDE.app/Contents/Eclipse/plugins/com.st.stm32cube.common.mx_6.15.0.202507011659//db//mcu/
2026-08-08 10:46:08,259 [INFO] ApiDb:274 - Set plugin database path to: /Applications/STM32CubeIDE.app/Contents/Eclipse/plugins/com.st.stm32cube.common.mx_6.15.0.202507011659//db//plugins/boardmanager/
2026-08-08 10:46:08,259 [WARN] ApiDb:259 - Overriding images path with different value:  => /Applications/STM32CubeIDE.app/Contents/Eclipse/plugins/com.st.stm32cube.common.mx_6.15.0.202507011659//db//plugins/mcufinder/images/
2026-08-08 10:46:08,265 [INFO] ApiDb:250 - Set database path to: /Users/usuario/.stmcufinder/plugins/mcufinder//mcu/
2026-08-08 10:46:08,265 [INFO] DbMcusAds:125 - Set database path to: /Users/usuario/.stmcufinder/plugins/mcufinder//mcu/
2026-08-08 10:46:08,267 [INFO] CrossReferenceDbSqlite:203 - Set database path to: /Users/usuario/.stmcufinder/plugins/mcufinder//mcu/cs/
2026-08-08 10:46:08,399 [INFO] RulesReader:64 - Compatibility file has been processed (317 Rules)
2026-08-08 10:46:08,449 [INFO] DbMcusXml:78 - Set database path to: /Applications/STM32CubeIDE.app/Contents/Eclipse/plugins/com.st.stm32cube.common.mx_6.15.0.202507011659//db//mcu/
2026-08-08 10:46:08,449 [INFO] ApiDb:274 - Set plugin database path to: /Applications/STM32CubeIDE.app/Contents/Eclipse/plugins/com.st.stm32cube.common.mx_6.15.0.202507011659//db//plugins/boardmanager/
2026-08-08 10:46:08,449 [INFO] ApiDb:261 - Set plugin images path to: /Applications/STM32CubeIDE.app/Contents/Eclipse/plugins/com.st.stm32cube.common.mx_6.15.0.202507011659//db//plugins/mcufinder/images/
2026-08-08 10:46:08,450 [WARN] DbFile:41 - Overriding database path with different value: /Users/usuario/.stmcufinder/plugins/mcufinder/ => /Users/usuario/.stmcufinder/plugins/mcufinder
2026-08-08 10:46:08,450 [INFO] ApiDb:250 - Set database path to: /Users/usuario/.stmcufinder/plugins/mcufinder//mcu/
2026-08-08 10:46:08,450 [WARN] DbFile:41 - Overriding database path with different value: /Users/usuario/.stmcufinder/plugins/mcufinder/ => /Users/usuario/.stmcufinder/plugins/mcufinder
2026-08-08 10:46:08,450 [INFO] DbMcusAds:125 - Set database path to: /Users/usuario/.stmcufinder/plugins/mcufinder//mcu/
2026-08-08 10:46:08,450 [WARN] DbFile:41 - Overriding database path with different value: /Users/usuario/.stmcufinder/plugins/mcufinder/ => /Users/usuario/.stmcufinder/plugins/mcufinder
2026-08-08 10:46:08,450 [WARN] DbFile:41 - Overriding database path with different value: /Users/usuario/.stmcufinder/plugins/mcufinder/ => /Users/usuario/.stmcufinder/plugins/mcufinder
2026-08-08 10:46:08,450 [INFO] CrossReferenceDbSqlite:203 - Set database path to: /Users/usuario/.stmcufinder/plugins/mcufinder//mcu/cs/
2026-08-08 10:46:08,513 [INFO] MainPanel:274 - HeapMemory: 268435456
2026-08-08 10:46:10,106 [INFO] DbMcusXml:78 - Set database path to: /Applications/STM32CubeIDE.app/Contents/Eclipse/plugins/com.st.stm32cube.common.mx_6.15.0.202507011659//db//mcu/
2026-08-08 10:46:10,110 [INFO] ApiDb:274 - Set plugin database path to: /Applications/STM32CubeIDE.app/Contents/Eclipse/plugins/com.st.stm32cube.common.mx_6.15.0.202507011659//db//plugins/boardmanager/
2026-08-08 10:46:10,114 [INFO] ApiDb:261 - Set plugin images path to: /Applications/STM32CubeIDE.app/Contents/Eclipse/plugins/com.st.stm32cube.common.mx_6.15.0.202507011659//db//plugins/mcufinder/images/
2026-08-08 10:46:10,115 [WARN] DbFile:41 - Overriding database path with different value: /Users/usuario/.stmcufinder/plugins/mcufinder/ => /Users/usuario/.stmcufinder/plugins/mcufinder
2026-08-08 10:46:10,115 [INFO] ApiDb:250 - Set database path to: /Users/usuario/.stmcufinder/plugins/mcufinder//mcu/
2026-08-08 10:46:10,115 [WARN] DbFile:41 - Overriding database path with different value: /Users/usuario/.stmcufinder/plugins/mcufinder/ => /Users/usuario/.stmcufinder/plugins/mcufinder
2026-08-08 10:46:10,115 [INFO] DbMcusAds:125 - Set database path to: /Users/usuario/.stmcufinder/plugins/mcufinder//mcu/
2026-08-08 10:46:10,115 [WARN] DbFile:41 - Overriding database path with different value: /Users/usuario/.stmcufinder/plugins/mcufinder/ => /Users/usuario/.stmcufinder/plugins/mcufinder
2026-08-08 10:46:10,115 [WARN] DbFile:41 - Overriding database path with different value: /Users/usuario/.stmcufinder/plugins/mcufinder/ => /Users/usuario/.stmcufinder/plugins/mcufinder
2026-08-08 10:46:10,116 [INFO] CrossReferenceDbSqlite:203 - Set database path to: /Users/usuario/.stmcufinder/plugins/mcufinder//mcu/cs/
2026-08-08 10:46:10,154 [INFO] ApplicationProperties:184 - Using Application install path: /Applications/STM32CubeIDE.app/Contents/Eclipse/plugins/com.st.stm32cube.common.mx_6.15.0.202507011659
2026-08-08 10:46:10,156 [INFO] PluginManage:196 - Search for loadable plugins [exclusion list=, ]
2026-08-08 10:46:10,159 [INFO] PluginManage:310 - Check plugin analytics
2026-08-08 10:46:10,463 [INFO] AnalyticsPlugin:253 - Accepted Software Licenses: 
2026-08-08 10:46:10,463 [INFO] AnalyticsPlugin:255 - Accepted CMSIS Pack Licenses: 
2026-08-08 10:46:10,463 [INFO] AnalyticsPlugin:257 - Accepted Firmware Licenses: FW.F4.1.28.0
2026-08-08 10:46:10,479 [INFO] PluginManage:359 - Loaded plugin analytics (category:tool,tabindex:-1)
2026-08-08 10:46:10,484 [INFO] PluginManage:310 - Check plugin cadmodel
2026-08-08 10:46:10,511 [INFO] CADModel:105 - Init CAD model plugin
2026-08-08 10:46:10,511 [INFO] PluginManage:359 - Loaded plugin cadmodel (category:power,tabindex:5)
2026-08-08 10:46:10,512 [INFO] PluginManage:310 - Check plugin clock
2026-08-08 10:46:10,521 [INFO] PluginManage:359 - Loaded plugin clock (category:base,tabindex:2)
2026-08-08 10:46:10,521 [INFO] PluginManage:310 - Check plugin ddr
2026-08-08 10:46:10,523 [INFO] PluginManage:359 - Loaded plugin ddr (category:tool,tabindex:6)
2026-08-08 10:46:10,523 [INFO] PluginManage:310 - Check plugin filemanager
2026-08-08 10:46:10,695 [INFO] PluginManage:359 - Loaded plugin filemanager (category:base,tabindex:10)
2026-08-08 10:46:10,696 [INFO] PluginManage:310 - Check plugin ipmanager
2026-08-08 10:46:10,703 [INFO] PluginManage:359 - Loaded plugin ipmanager (category:base,tabindex:5)
2026-08-08 10:46:10,703 [INFO] PluginManage:310 - Check plugin lpbam
2026-08-08 10:46:10,711 [INFO] PluginManage:359 - Loaded plugin lpbam (category:base,tabindex:0)
2026-08-08 10:46:10,711 [INFO] PluginManage:310 - Check plugin memorymap
2026-08-08 10:46:10,722 [INFO] PluginManage:359 - Loaded plugin memorymap (category:base,tabindex:4)
2026-08-08 10:46:10,722 [INFO] PluginManage:310 - Check plugin pinoutandconfiguration
2026-08-08 10:46:10,729 [INFO] PluginManage:359 - Loaded plugin pinoutandconfiguration (category:base,tabindex:1)
2026-08-08 10:46:10,729 [INFO] PluginManage:310 - Check plugin pinoutconfig
2026-08-08 10:46:10,826 [WARN] SupportedApi:132 - Cannot load RTOS API schema: s4s-elt-must-match.1: The content of 'definitions' must match (annotation?, (simpleType | complexType)?, (unique | key | keyref)*)). A problem was found starting at: attribute.
2026-08-08 10:46:11,003 [INFO] PluginManage:359 - Loaded plugin pinoutconfig (category:base,tabindex:0)
2026-08-08 10:46:11,004 [INFO] PluginManage:310 - Check plugin power
2026-08-08 10:46:11,015 [INFO] PluginManage:359 - Loaded plugin power (category:power,tabindex:4)
2026-08-08 10:46:11,015 [INFO] PluginManage:310 - Check plugin projectmanager
2026-08-08 10:46:11,040 [INFO] PluginManage:359 - Loaded plugin projectmanager (category:projectmanager,tabindex:4)
2026-08-08 10:46:11,041 [INFO] PluginManage:310 - Check plugin rif
2026-08-08 10:46:11,048 [INFO] PluginManage:359 - Loaded plugin rif (category:base,tabindex:3)
2026-08-08 10:46:11,049 [INFO] PluginManage:310 - Check plugin thirdparty
2026-08-08 10:46:11,205 [INFO] PluginManage:359 - Loaded plugin thirdparty (category:base,tabindex:-1)
2026-08-08 10:46:11,205 [WARN] IntegrityCheckThread:84 - waiting for thirdparty lock release [integrity check]
2026-08-08 10:46:11,205 [INFO] PluginManage:310 - Check plugin tools
2026-08-08 10:46:11,205 [INFO] IntegrityCheckThread:86 - entering critical section [integrity check]
2026-08-08 10:46:11,206 [INFO] ThirdPartyUpdaterWithRetryManager:70 - Updater plugin not ready yet. [1/15]
2026-08-08 10:46:11,207 [INFO] PluginManage:359 - Loaded plugin tools (category:base,tabindex:7)
2026-08-08 10:46:11,207 [INFO] PluginManage:310 - Check plugin tutovideos
2026-08-08 10:46:11,378 [INFO] PluginManage:359 - Loaded plugin tutovideos (category:base,tabindex:-1)
2026-08-08 10:46:11,378 [INFO] PluginManage:310 - Check plugin updater
2026-08-08 10:46:11,403 [INFO] PluginManage:359 - Loaded plugin updater (category:base,tabindex:12)
2026-08-08 10:46:11,404 [INFO] PluginManage:310 - Check plugin userauth
2026-08-08 10:46:11,409 [INFO] UserAuth:118 - Init User Auth plugin
2026-08-08 10:46:11,410 [INFO] PluginManage:359 - Loaded plugin userauth (category:base,tabindex:14)
2026-08-08 10:46:11,412 [INFO] PluginManage:283 - PluginManage : Loaded plugins [18]
2026-08-08 10:46:11,694 [INFO] PinOutPanel:1589 - setPackage(No Configuration,No Configuration)
2026-08-08 10:46:11,791 [INFO] CADModel:165 - CPN selected for project level
2026-08-08 10:46:11,791 [INFO] CADModel:114 - Register for checkConnection events
2026-08-08 10:46:11,804 [INFO] IPUIPlugin:80 - create IPUIPlugin
2026-08-08 10:46:11,804 [INFO] PluginManager:220 - loadIPPluginJar : add mdma
2026-08-08 10:46:11,810 [INFO] IPUIPlugin:80 - create IPUIPlugin
2026-08-08 10:46:11,811 [INFO] PluginManager:220 - loadIPPluginJar : add freertos
2026-08-08 10:46:11,815 [INFO] IPUIPlugin:80 - create IPUIPlugin
2026-08-08 10:46:11,815 [INFO] PluginManager:220 - loadIPPluginJar : add gic
2026-08-08 10:46:11,823 [INFO] IPUIPlugin:80 - create IPUIPlugin
2026-08-08 10:46:11,824 [INFO] PluginManager:220 - loadIPPluginJar : add adc
2026-08-08 10:46:11,825 [INFO] IPUIPlugin:80 - create IPUIPlugin
2026-08-08 10:46:11,825 [INFO] PluginManager:220 - loadIPPluginJar : add gtzc
2026-08-08 10:46:11,826 [INFO] IPUIPlugin:80 - create IPUIPlugin
2026-08-08 10:46:11,826 [INFO] PluginManager:220 - loadIPPluginJar : add quadspi
2026-08-08 10:46:11,828 [INFO] IPUIPlugin:80 - create IPUIPlugin
2026-08-08 10:46:11,828 [INFO] PluginManager:220 - loadIPPluginJar : add aes
2026-08-08 10:46:11,830 [INFO] IPUIPlugin:80 - create IPUIPlugin
2026-08-08 10:46:11,831 [INFO] PluginManager:220 - loadIPPluginJar : add pdm2pcm
2026-08-08 10:46:11,832 [INFO] IPUIPlugin:80 - create IPUIPlugin
2026-08-08 10:46:11,832 [INFO] PluginManager:220 - loadIPPluginJar : add hash
2026-08-08 10:46:11,833 [INFO] IPUIPlugin:80 - create IPUIPlugin
2026-08-08 10:46:11,833 [INFO] PluginManager:220 - loadIPPluginJar : add tim
2026-08-08 10:46:11,834 [INFO] IPUIPlugin:80 - create IPUIPlugin
2026-08-08 10:46:11,834 [INFO] PluginManager:220 - loadIPPluginJar : add tsc
2026-08-08 10:46:11,836 [INFO] IPUIPlugin:80 - create IPUIPlugin
2026-08-08 10:46:11,836 [INFO] PluginManager:220 - loadIPPluginJar : add extmemmanager
2026-08-08 10:46:11,837 [INFO] IPUIPlugin:80 - create IPUIPlugin
2026-08-08 10:46:11,837 [INFO] PluginManager:220 - loadIPPluginJar : add ts
2026-08-08 10:46:11,839 [INFO] IPUIPlugin:80 - create IPUIPlugin
2026-08-08 10:46:11,839 [INFO] PluginManager:220 - loadIPPluginJar : add radio
2026-08-08 10:46:11,841 [INFO] IPUIPlugin:80 - create IPUIPlugin
2026-08-08 10:46:11,841 [INFO] PluginManager:220 - loadIPPluginJar : add can
2026-08-08 10:46:11,842 [INFO] IPUIPlugin:80 - create IPUIPlugin
2026-08-08 10:46:11,843 [INFO] PluginManager:220 - loadIPPluginJar : add dma3
2026-08-08 10:46:11,844 [INFO] IPUIPlugin:80 - create IPUIPlugin
2026-08-08 10:46:11,844 [INFO] PluginManager:220 - loadIPPluginJar : add dfsdm
2026-08-08 10:46:11,846 [INFO] IPUIPlugin:80 - create IPUIPlugin
2026-08-08 10:46:11,846 [INFO] PluginManager:220 - loadIPPluginJar : add spi
2026-08-08 10:46:11,848 [INFO] IPUIPlugin:80 - create IPUIPlugin
2026-08-08 10:46:11,848 [INFO] PluginManager:220 - loadIPPluginJar : add gfxmmu
2026-08-08 10:46:11,849 [INFO] IPUIPlugin:80 - create IPUIPlugin
2026-08-08 10:46:11,850 [INFO] PluginManager:220 - loadIPPluginJar : add genericplugin
2026-08-08 10:46:11,851 [INFO] IPUIPlugin:80 - create IPUIPlugin
2026-08-08 10:46:11,851 [INFO] PluginManager:220 - loadIPPluginJar : add cryp
2026-08-08 10:46:11,853 [INFO] IPUIPlugin:80 - create IPUIPlugin
2026-08-08 10:46:11,854 [INFO] PluginManager:220 - loadIPPluginJar : add gpio
2026-08-08 10:46:11,856 [INFO] IPUIPlugin:80 - create IPUIPlugin
2026-08-08 10:46:11,856 [INFO] PluginManager:220 - loadIPPluginJar : add ddr_ctrl_phy
2026-08-08 10:46:11,858 [INFO] IPUIPlugin:80 - create IPUIPlugin
2026-08-08 10:46:11,858 [INFO] PluginManager:220 - loadIPPluginJar : add comp
2026-08-08 10:46:11,860 [INFO] IPUIPlugin:80 - create IPUIPlugin
2026-08-08 10:46:11,862 [INFO] PluginManager:220 - loadIPPluginJar : add tracer_emb
2026-08-08 10:46:11,866 [INFO] IPUIPlugin:80 - create IPUIPlugin
2026-08-08 10:46:11,866 [INFO] PluginManager:220 - loadIPPluginJar : add openamp
2026-08-08 10:46:11,871 [INFO] IPUIPlugin:80 - create IPUIPlugin
2026-08-08 10:46:11,871 [INFO] PluginManager:220 - loadIPPluginJar : add stm32_wpan
2026-08-08 10:46:11,874 [INFO] IPUIPlugin:80 - create IPUIPlugin
2026-08-08 10:46:11,876 [INFO] PluginManager:220 - loadIPPluginJar : add plateformsettings
2026-08-08 10:46:11,878 [INFO] IPUIPlugin:80 - create IPUIPlugin
2026-08-08 10:46:11,878 [INFO] PluginManager:220 - loadIPPluginJar : add ipddr
2026-08-08 10:46:11,880 [INFO] IPUIPlugin:80 - create IPUIPlugin
2026-08-08 10:46:11,880 [INFO] PluginManager:220 - loadIPPluginJar : add usart
2026-08-08 10:46:11,880 [INFO] IPUIPlugin:80 - create IPUIPlugin
2026-08-08 10:46:11,880 [INFO] PluginManager:220 - loadIPPluginJar : add ltdc
2026-08-08 10:46:11,882 [INFO] IPUIPlugin:80 - create IPUIPlugin
2026-08-08 10:46:11,882 [INFO] PluginManager:220 - loadIPPluginJar : add nvic
2026-08-08 10:46:11,883 [INFO] IPUIPlugin:80 - create IPUIPlugin
2026-08-08 10:46:11,883 [INFO] PluginManager:220 - loadIPPluginJar : add fatfs
2026-08-08 10:46:11,890 [INFO] IPUIPlugin:80 - create IPUIPlugin
2026-08-08 10:46:11,891 [INFO] PluginManager:220 - loadIPPluginJar : add linkedlist
2026-08-08 10:46:11,896 [INFO] IPUIPlugin:80 - create IPUIPlugin
2026-08-08 10:46:11,896 [INFO] PluginManager:220 - loadIPPluginJar : add dma
2026-08-08 10:46:11,899 [INFO] IPUIPlugin:80 - create IPUIPlugin
2026-08-08 10:46:11,899 [INFO] PluginManager:220 - loadIPPluginJar : add fmc
2026-08-08 10:46:11,901 [INFO] IPUIPlugin:80 - create IPUIPlugin
2026-08-08 10:46:11,901 [INFO] PluginManager:220 - loadIPPluginJar : add i2s
2026-08-08 10:46:11,902 [INFO] IPUIPlugin:80 - create IPUIPlugin
2026-08-08 10:46:11,903 [INFO] PluginManager:220 - loadIPPluginJar : add ucpd
2026-08-08 10:46:11,906 [INFO] IPUIPlugin:80 - create IPUIPlugin
2026-08-08 10:46:11,906 [INFO] PluginManager:220 - loadIPPluginJar : add lorawan
2026-08-08 10:46:11,908 [INFO] IPUIPlugin:80 - create IPUIPlugin
2026-08-08 10:46:11,908 [INFO] PluginManager:220 - loadIPPluginJar : add opamp
2026-08-08 10:46:11,909 [INFO] IPUIPlugin:80 - create IPUIPlugin
2026-08-08 10:46:11,909 [INFO] PluginManager:220 - loadIPPluginJar : add i3c
2026-08-08 10:46:11,911 [INFO] IPUIPlugin:80 - create IPUIPlugin
2026-08-08 10:46:11,912 [INFO] PluginManager:220 - loadIPPluginJar : add touchsensing
2026-08-08 10:46:11,914 [INFO] IPUIPlugin:80 - create IPUIPlugin
2026-08-08 10:46:11,915 [INFO] PluginManager:220 - loadIPPluginJar : add i2c
2026-08-08 10:46:11,917 [INFO] IPUIPlugin:80 - create IPUIPlugin
2026-08-08 10:46:11,918 [INFO] PluginManager:220 - loadIPPluginJar : add resmgrutility
2026-08-08 10:46:11,919 [INFO] IPUIPlugin:80 - create IPUIPlugin
2026-08-08 10:46:11,919 [INFO] PluginManager:220 - loadIPPluginJar : add sai
2026-08-08 10:46:11,922 [INFO] IPUIPlugin:80 - create IPUIPlugin
2026-08-08 10:46:11,922 [INFO] PluginManager:220 - loadIPPluginJar : add usbx
2026-08-08 10:46:12,067 [FATAL] Updater:351 - Updater called before beeing initialized
2026-08-08 10:46:12,181 [INFO] RulesReader:64 - Compatibility file has been processed (317 Rules)
2026-08-08 10:46:12,213 [INFO] RulesReader:64 - Compatibility file has been processed (317 Rules)
2026-08-08 10:46:12,226 [INFO] CADModel:165 - CPN selected for project level
2026-08-08 10:46:12,226 [INFO] CADModel:114 - Register for checkConnection events
2026-08-08 10:46:12,226 [FATAL] Updater:351 - Updater called before beeing initialized
2026-08-08 10:46:12,226 [ERROR] CADModel:125 - Updater not yet initialized, retry later 
2026-08-08 10:46:12,609 [FATAL] Updater:351 - Updater called before beeing initialized
2026-08-08 10:46:12,611 [INFO] CADModel:165 - CPN selected for project level
2026-08-08 10:46:12,611 [INFO] CADModel:114 - Register for checkConnection events
2026-08-08 10:46:12,611 [FATAL] Updater:351 - Updater called before beeing initialized
2026-08-08 10:46:12,611 [ERROR] CADModel:125 - Updater not yet initialized, retry later 
2026-08-08 10:46:12,613 [FATAL] Updater:351 - Updater called before beeing initialized
2026-08-08 10:46:12,898 [FATAL] Updater:351 - Updater called before beeing initialized
2026-08-08 10:46:12,904 [INFO] DbMcusAds:53 - JSON generation date=Mon Apr 27 03:14:29 COT 2026 (1777277669577)
2026-08-08 10:46:12,905 [FATAL] Updater:351 - Updater called before beeing initialized
2026-08-08 10:46:12,968 [WARN] DetailPanel:346 - Failed to get advertising image, set to default
2026-08-08 10:46:13,053 [FATAL] Updater:351 - Updater called before beeing initialized
2026-08-08 10:46:13,057 [FATAL] Updater:351 - Updater called before beeing initialized
2026-08-08 10:46:13,057 [FATAL] Updater:351 - Updater called before beeing initialized
2026-08-08 10:46:13,057 [WARN] DetailPanel:346 - Failed to get advertising image, set to default
2026-08-08 10:46:13,061 [FATAL] Updater:351 - Updater called before beeing initialized
2026-08-08 10:46:13,115 [ERROR] Updater:1198 - MainUpdater not yet initialized. External WinMGr cannot be set.
2026-08-08 10:46:13,120 [INFO] Updater:1134 - Updater Version found : 6.15.0
2026-08-08 10:46:13,135 [INFO] ApplicationProperties:184 - Using Application install path: /Applications/STM32CubeIDE.app/Contents/Eclipse/plugins/com.st.stm32cube.common.mx_6.15.0.202507011659
2026-08-08 10:46:13,518 [INFO] MainUpdater:2872 - connection check result : 10
2026-08-08 10:46:13,519 [INFO] MainUpdater:289 - Updater Check For Update Now.
2026-08-08 10:46:13,520 [INFO] MicroXplorer:498 - Change Database Version : DB.6.0.150
2026-08-08 10:46:13,531 [INFO] McuFinderGlobals:63 - Set McuFinder mode to 2 (CubeIDE integrated)
2026-08-08 10:46:13,533 [INFO] UserAuth:487 - Internet connection configuration mode: 1
2026-08-08 10:46:13,557 [INFO] JxBrowserEngine:152 - Initiate JxBrowser Engine with user profile folder
2026-08-08 10:46:13,783 [INFO] CheckServerUpdateThread:120 - End of CheckServer Thread
2026-08-08 10:46:14,427 [WARN] PackLoader:240 - Cannot read IP mode file for STMicroelectronics.FP-SNS-MOTENVWB1.1.4.0
2026-08-08 10:46:14,452 [WARN] PackLoader:240 - Cannot read IP mode file for STMicroelectronics.FP-ATR-ASTRA1.2.0.2
2026-08-08 10:46:14,467 [ERROR] Engine:466 - /Users/usuario/.stm32cubemx/thirdparties/pdsc/STMicroelectronics.X-CUBE-SMBUS.2.1.1.pdsc: PDSC version is not supported
2026-08-08 10:46:14,471 [WARN] PackLoader:240 - Cannot read IP mode file for STMicroelectronics.X-CUBE-SMBUS.2.1.0
2026-08-08 10:46:14,509 [WARN] PackLoader:240 - Cannot read IP mode file for STMicroelectronics.X-CUBE-AZRTOS-F7.1.1.0
2026-08-08 10:46:14,542 [WARN] PackLoader:240 - Cannot read IP mode file for STMicroelectronics.X-CUBE-FREERTOS.1.6.0
2026-08-08 10:46:14,596 [WARN] PackLoader:240 - Cannot read IP mode file for STMicroelectronics.X-CUBE-AZRTOS-H7RS.1.3.0
2026-08-08 10:46:14,633 [WARN] PackLoader:240 - Cannot read IP mode file for STMicroelectronics.X-CUBE-DISPLAY.3.0.0
2026-08-08 10:46:14,665 [WARN] PackLoader:240 - Cannot read IP mode file for STMicroelectronics.X-CUBE-GNSS1.7.1.1
2026-08-08 10:46:14,680 [WARN] PackLoader:240 - Cannot read IP mode file for STMicroelectronics.X-CUBE-NFC10.1.0.0
2026-08-08 10:46:14,687 [ERROR] Engine:466 - /Users/usuario/.stm32cubemx/thirdparties/pdsc/STMicroelectronics.X-CUBE-WBA.1.1.0.pdsc: PDSC version is not supported
2026-08-08 10:46:14,694 [WARN] PackLoader:240 - Cannot read IP mode file for STMicroelectronics.X-CUBE-GNSS1.7.1.0
2026-08-08 10:46:14,705 [WARN] PackLoader:240 - Cannot read IP mode file for STMicroelectronics.FP-SNS-SMARTAG2.1.2.0
2026-08-08 10:46:14,710 [WARN] PackLoader:240 - Cannot read IP mode file for STMicroelectronics.FP-SNS-FLIGHT1.5.1.0
2026-08-08 10:46:14,721 [INFO] LogOutputStream:77 - [STDOUT_REDIRECT] 1 : Invalid condition id : UX_CORESTACK_Condition cause : null
2026-08-08 10:46:14,723 [INFO] LogOutputStream:77 - [STDOUT_REDIRECT] 1 : Invalid condition id : UX_CORESTACK_Condition cause : null
2026-08-08 10:46:14,724 [INFO] LogOutputStream:77 - [STDOUT_REDIRECT] 1 : Invalid condition id : UX_CORESTACK_Condition cause : null
2026-08-08 10:46:14,724 [INFO] LogOutputStream:77 - [STDOUT_REDIRECT] 1 : Invalid condition id : UX_CORESTACK_Condition cause : null
2026-08-08 10:46:14,724 [INFO] LogOutputStream:77 - [STDOUT_REDIRECT] 1 : Invalid condition id : UX_CORESTACK_Condition cause : null
2026-08-08 10:46:14,736 [WARN] PackLoader:240 - Cannot read IP mode file for STMicroelectronics.X-CUBE-AZRTOS-WL.2.0.0
2026-08-08 10:46:14,841 [WARN] PackLoader:240 - Cannot read IP mode file for STMicroelectronics.X-CUBE-AZRTOS-H7RS.1.2.0
2026-08-08 10:46:14,859 [WARN] PackLoader:240 - Cannot read IP mode file for STMicroelectronics.X-CUBE-BLE2.3.3.0
2026-08-08 10:46:14,909 [WARN] PackLoader:240 - Cannot read IP mode file for STMicroelectronics.X-CUBE-NFC9.1.0.0
2026-08-08 10:46:14,932 [WARN] PackLoader:240 - Cannot read IP mode file for STMicroelectronics.X-CUBE-BLE1.7.1.0
2026-08-08 10:46:14,967 [WARN] PackLoader:240 - Cannot read IP mode file for STMicroelectronics.X-CUBE-FREERTOS.1.4.0
2026-08-08 10:46:14,979 [WARN] PackLoader:240 - Cannot read IP mode file for STMicroelectronics.FP-SNS-STAIOTCFT.1.1.0
2026-08-08 10:46:15,154 [WARN] PackLoader:240 - Cannot read IP mode file for STMicroelectronics.X-CUBE-MEMS1.12.0.0
2026-08-08 10:46:15,456 [WARN] PackLoader:240 - Cannot read IP mode file for STMicroelectronics.X-CUBE-AZRTOS-G0.1.1.0
2026-08-08 10:46:15,496 [WARN] PackLoader:240 - Cannot read IP mode file for STMicroelectronics.X-CUBE-NFC4.3.0.0
2026-08-08 10:46:15,522 [WARN] PackLoader:240 - Cannot read IP mode file for EmbeddedOffice.I-CUBE-FS-RTOS.1.0.1
2026-08-08 10:46:15,547 [WARN] PackLoader:240 - Cannot read IP mode file for STMicroelectronics.X-CUBE-WB05N.2.0.0
2026-08-08 10:46:15,566 [WARN] PackLoader:240 - Cannot read IP mode file for STMicroelectronics.X-CUBE-TCPP.4.2.0
2026-08-08 10:46:15,578 [WARN] PackLoader:240 - Cannot read IP mode file for RealThread.X-CUBE-RT-Thread_Nano.4.1.1
2026-08-08 10:46:15,587 [WARN] PackLoader:240 - Cannot read IP mode file for STMicroelectronics.FP-ATR-SIGFOX1.3.2.0
2026-08-08 10:46:15,596 [WARN] PackLoader:240 - Cannot read IP mode file for STMicroelectronics.X-CUBE-FREERTOS.1.5.0
2026-08-08 10:46:15,604 [WARN] PackLoader:240 - Cannot read IP mode file for STMicroelectronics.X-CUBE-AI.10.2.1
2026-08-08 10:46:15,728 [WARN] PackLoader:240 - Cannot read IP mode file for STMicroelectronics.X-CUBE-MEMS1.12.1.0
2026-08-08 10:46:16,461 [WARN] PackLoader:240 - Cannot read IP mode file for SEGGER.I-CUBE-embOS.1.3.1
2026-08-08 10:46:16,543 [WARN] PackLoader:240 - Cannot read IP mode file for STMicroelectronics.X-CUBE-ALGOBUILD.1.4.0
2026-08-08 10:46:16,555 [WARN] PackLoader:240 - Cannot read IP mode file for STMicroelectronics.X-CUBE-NFC13.1.0.0
2026-08-08 10:46:16,562 [WARN] PackLoader:240 - Cannot read IP mode file for STMicroelectronics.X-CUBE-PM33A1.1.0.0
2026-08-08 10:46:16,599 [WARN] PackLoader:240 - Cannot read IP mode file for STMicroelectronics.X-CUBE-AZRTOS-F4.1.1.0
2026-08-08 10:46:16,608 [WARN] PackLoader:240 - Cannot read IP mode file for STMicroelectronics.X-CUBE-ISPU.2.1.0
2026-08-08 10:46:16,635 [WARN] PackLoader:240 - Cannot read IP mode file for STMicroelectronics.X-CUBE-AZRTOS-L5.2.0.0
2026-08-08 10:46:16,656 [WARN] PackLoader:240 - Cannot read IP mode file for STMicroelectronics.X-CUBE-ALGOBUILD.1.5.0
2026-08-08 10:46:16,662 [ERROR] Engine:466 - /Users/usuario/.stm32cubemx/thirdparties/pdsc/STMicroelectronics.X-CUBE-ST67W61.1.3.0.pdsc: PDSC version is not supported
2026-08-08 10:46:16,667 [WARN] PackLoader:240 - Cannot read IP mode file for STMicroelectronics.FP-SNS-STAIOTCFT.1.0.0
2026-08-08 10:46:16,681 [WARN] PackLoader:240 - Cannot read IP mode file for STMicroelectronics.X-CUBE-DPower.1.3.0
2026-08-08 10:46:16,709 [WARN] ConditionMgr:438 - getConditionDescription Invalid condition id : LAN8742 Phy interface Condition cause : null
2026-08-08 10:46:16,711 [WARN] PackLoader:240 - Cannot read IP mode file for STMicroelectronics.X-CUBE-AZRTOS-L4.2.0.0
2026-08-08 10:46:16,715 [WARN] ConditionMgr:1044 - genDependencies : Invalid condition id : LAN8742 Phy interface Condition cause : null
2026-08-08 10:46:16,715 [WARN] ConditionMgr:1044 - genDependencies : Invalid condition id : LAN8742 Phy interface Condition cause : null
2026-08-08 10:46:16,717 [WARN] ConditionMgr:1044 - genDependencies : Invalid condition id : LAN8742 Phy interface Condition cause : null
2026-08-08 10:46:16,732 [WARN] PackLoader:240 - Cannot read IP mode file for STMicroelectronics.X-CUBE-SFXS2LP1.4.0.0
2026-08-08 10:46:16,769 [WARN] PackLoader:240 - Cannot read IP mode file for STMicroelectronics.X-CUBE-BLEMGR.4.1.0
2026-08-08 10:46:16,793 [WARN] ConditionMgr:438 - getConditionDescription Invalid condition id : UX DEVICE CLASS RTOS Condition cause : null
2026-08-08 10:46:16,793 [WARN] ConditionMgr:438 - getConditionDescription Invalid condition id : UX DEVICE CLASS RTOS Condition cause : null
2026-08-08 10:46:16,797 [WARN] PackLoader:240 - Cannot read IP mode file for STMicroelectronics.X-CUBE-AZRTOS-WB.2.0.0
2026-08-08 10:46:16,799 [WARN] ConditionMgr:1044 - genDependencies : Invalid condition id : UX DEVICE CLASS RTOS Condition cause : null
2026-08-08 10:46:16,799 [WARN] ConditionMgr:1044 - genDependencies : Invalid condition id : UX DEVICE CLASS RTOS Condition cause : null
2026-08-08 10:46:16,800 [WARN] ConditionMgr:1044 - genDependencies : Invalid condition id : UX DEVICE CLASS RTOS Condition cause : null
2026-08-08 10:46:16,801 [WARN] ConditionMgr:1044 - genDependencies : Invalid condition id : UX DEVICE CLASS RTOS Condition cause : null
2026-08-08 10:46:16,801 [WARN] ConditionMgr:1044 - genDependencies : Invalid condition id : UX DEVICE CLASS RTOS Condition cause : null
2026-08-08 10:46:16,817 [WARN] PackLoader:240 - Cannot read IP mode file for STMicroelectronics.X-CUBE-SUBG2.5.0.0
2026-08-08 10:46:16,847 [WARN] PackLoader:240 - Cannot read IP mode file for STMicroelectronics.X-CUBE-AZRTOS-G4.2.0.0
2026-08-08 10:46:16,854 [WARN] PackLoader:240 - Cannot read IP mode file for STMicroelectronics.X-CUBE-NFC7.2.0.0
2026-08-08 10:46:16,858 [ERROR] Engine:466 - /Users/usuario/.stm32cubemx/thirdparties/pdsc/STMicroelectronics.X-CUBE-BLEMGR.4.2.0.pdsc: PDSC version is not supported
2026-08-08 10:46:16,861 [WARN] PackLoader:240 - Cannot read IP mode file for STMicroelectronics.X-CUBE-ALS.1.0.2
2026-08-08 10:46:16,878 [WARN] PackLoader:240 - Cannot read IP mode file for STMicroelectronics.X-CUBE-TOF1.3.4.3
2026-08-08 10:46:16,901 [INFO] ThirdParty:978 - Integrity check success = true
2026-08-08 10:46:16,901 [INFO] IntegrityCheckThread:100 - exiting critical section [integrity check]
2026-08-08 10:46:16,901 [INFO] IntegrityCheckThread:103 - End integrity checks thread
2026-08-08 10:46:20,250 [INFO] WebApp:169 - Instantiating new browser for Auth
2026-08-08 10:46:22,006 [INFO] WebApp:463 - Apply proxy settings
2026-08-08 10:46:22,035 [INFO] WebApp:508 - Chromium authenticates against Manually configured proxy
2026-08-08 10:46:22,054 [INFO] WebApp:516 - Username used for proxy authentication: 
2026-08-08 10:46:22,105 [INFO] WebApp:900 - Register for checkConnection events
2026-08-08 10:46:22,105 [INFO] WebApp:463 - Apply proxy settings
2026-08-08 10:46:22,113 [INFO] WebApp:508 - Chromium authenticates against Manually configured proxy
2026-08-08 10:46:22,113 [INFO] WebApp:516 - Username used for proxy authentication: 
2026-08-08 10:46:22,307 [INFO] WebApp:225 - Starting web application
2026-08-08 10:46:22,308 [INFO] WebApp:593 - Web application path used /Applications/STM32CubeIDE.app/Contents/Eclipse/plugins/com.st.stm32cube.common.mx_6.15.0.202507011659/db/plugins/mcufinder/reactClient1/index.html
2026-08-08 10:46:23,235 [INFO] UserAuth:487 - Internet connection configuration mode: 1
2026-08-08 10:46:23,279 [INFO] WebApp:191 - Connection restablished
2026-08-08 13:30:28,209 [ERROR] LogOutputStream:75 - [STDERR_REDIRECT] 
2026-08-08 13:31:19,056 [INFO] Activator:176 - 


2026-08-08 13:31:19,058 [INFO] Activator:177 - !SESSION log4j initialized
2026-08-08 13:31:23,367 [INFO] LogOutputStream:77 - [STDOUT_REDIRECT] 
2026-08-08 13:31:24,626 [ERROR] LogOutputStream:75 - [STDERR_REDIRECT] 
2026-08-08 13:31:27,000 [INFO] LogOutputStream:77 - [STDOUT_REDIRECT] 
2026-08-08 13:31:28,742 [INFO] ApplicationProperties:184 - Using Application install path: /Applications/STM32CubeIDE.app/Contents/Eclipse/plugins/com.st.stm32cube.common.mx_6.15.0.202507011659
2026-08-08 13:31:28,755 [INFO] DbMcusXml:78 - Set database path to: /Applications/STM32CubeIDE.app/Contents/Eclipse/plugins/com.st.stm32cube.common.mx_6.15.0.202507011659//db//mcu/
2026-08-08 13:31:28,756 [INFO] ApiDb:274 - Set plugin database path to: /Applications/STM32CubeIDE.app/Contents/Eclipse/plugins/com.st.stm32cube.common.mx_6.15.0.202507011659//db//plugins/boardmanager/
2026-08-08 13:31:28,757 [WARN] ApiDb:259 - Overriding images path with different value:  => /Applications/STM32CubeIDE.app/Contents/Eclipse/plugins/com.st.stm32cube.common.mx_6.15.0.202507011659//db//plugins/mcufinder/images/
2026-08-08 13:31:28,763 [INFO] ApiDb:250 - Set database path to: /Users/usuario/.stmcufinder/plugins/mcufinder//mcu/
2026-08-08 13:31:28,765 [INFO] DbMcusAds:125 - Set database path to: /Users/usuario/.stmcufinder/plugins/mcufinder//mcu/
2026-08-08 13:31:28,768 [INFO] CrossReferenceDbSqlite:203 - Set database path to: /Users/usuario/.stmcufinder/plugins/mcufinder//mcu/cs/
2026-08-08 13:31:28,913 [INFO] RulesReader:64 - Compatibility file has been processed (317 Rules)
2026-08-08 13:31:28,963 [INFO] DbMcusXml:78 - Set database path to: /Applications/STM32CubeIDE.app/Contents/Eclipse/plugins/com.st.stm32cube.common.mx_6.15.0.202507011659//db//mcu/
2026-08-08 13:31:28,963 [INFO] ApiDb:274 - Set plugin database path to: /Applications/STM32CubeIDE.app/Contents/Eclipse/plugins/com.st.stm32cube.common.mx_6.15.0.202507011659//db//plugins/boardmanager/
2026-08-08 13:31:28,963 [INFO] ApiDb:261 - Set plugin images path to: /Applications/STM32CubeIDE.app/Contents/Eclipse/plugins/com.st.stm32cube.common.mx_6.15.0.202507011659//db//plugins/mcufinder/images/
2026-08-08 13:31:28,964 [WARN] DbFile:41 - Overriding database path with different value: /Users/usuario/.stmcufinder/plugins/mcufinder/ => /Users/usuario/.stmcufinder/plugins/mcufinder
2026-08-08 13:31:28,964 [INFO] ApiDb:250 - Set database path to: /Users/usuario/.stmcufinder/plugins/mcufinder//mcu/
2026-08-08 13:31:28,964 [WARN] DbFile:41 - Overriding database path with different value: /Users/usuario/.stmcufinder/plugins/mcufinder/ => /Users/usuario/.stmcufinder/plugins/mcufinder
2026-08-08 13:31:28,964 [INFO] DbMcusAds:125 - Set database path to: /Users/usuario/.stmcufinder/plugins/mcufinder//mcu/
2026-08-08 13:31:28,964 [WARN] DbFile:41 - Overriding database path with different value: /Users/usuario/.stmcufinder/plugins/mcufinder/ => /Users/usuario/.stmcufinder/plugins/mcufinder
2026-08-08 13:31:28,964 [WARN] DbFile:41 - Overriding database path with different value: /Users/usuario/.stmcufinder/plugins/mcufinder/ => /Users/usuario/.stmcufinder/plugins/mcufinder
2026-08-08 13:31:28,964 [INFO] CrossReferenceDbSqlite:203 - Set database path to: /Users/usuario/.stmcufinder/plugins/mcufinder//mcu/cs/
2026-08-08 13:31:29,035 [INFO] MainPanel:274 - HeapMemory: 268435456
2026-08-08 13:31:30,378 [INFO] DbMcusXml:78 - Set database path to: /Applications/STM32CubeIDE.app/Contents/Eclipse/plugins/com.st.stm32cube.common.mx_6.15.0.202507011659//db//mcu/
2026-08-08 13:31:30,378 [INFO] ApiDb:274 - Set plugin database path to: /Applications/STM32CubeIDE.app/Contents/Eclipse/plugins/com.st.stm32cube.common.mx_6.15.0.202507011659//db//plugins/boardmanager/
2026-08-08 13:31:30,378 [INFO] ApiDb:261 - Set plugin images path to: /Applications/STM32CubeIDE.app/Contents/Eclipse/plugins/com.st.stm32cube.common.mx_6.15.0.202507011659//db//plugins/mcufinder/images/
2026-08-08 13:31:30,379 [WARN] DbFile:41 - Overriding database path with different value: /Users/usuario/.stmcufinder/plugins/mcufinder/ => /Users/usuario/.stmcufinder/plugins/mcufinder
2026-08-08 13:31:30,379 [INFO] ApiDb:250 - Set database path to: /Users/usuario/.stmcufinder/plugins/mcufinder//mcu/
2026-08-08 13:31:30,379 [WARN] DbFile:41 - Overriding database path with different value: /Users/usuario/.stmcufinder/plugins/mcufinder/ => /Users/usuario/.stmcufinder/plugins/mcufinder
2026-08-08 13:31:30,379 [INFO] DbMcusAds:125 - Set database path to: /Users/usuario/.stmcufinder/plugins/mcufinder//mcu/
2026-08-08 13:31:30,379 [WARN] DbFile:41 - Overriding database path with different value: /Users/usuario/.stmcufinder/plugins/mcufinder/ => /Users/usuario/.stmcufinder/plugins/mcufinder
2026-08-08 13:31:30,379 [WARN] DbFile:41 - Overriding database path with different value: /Users/usuario/.stmcufinder/plugins/mcufinder/ => /Users/usuario/.stmcufinder/plugins/mcufinder
2026-08-08 13:31:30,379 [INFO] CrossReferenceDbSqlite:203 - Set database path to: /Users/usuario/.stmcufinder/plugins/mcufinder//mcu/cs/
2026-08-08 13:31:30,398 [INFO] ApplicationProperties:184 - Using Application install path: /Applications/STM32CubeIDE.app/Contents/Eclipse/plugins/com.st.stm32cube.common.mx_6.15.0.202507011659
2026-08-08 13:31:30,399 [INFO] PluginManage:196 - Search for loadable plugins [exclusion list=, ]
2026-08-08 13:31:30,401 [INFO] PluginManage:310 - Check plugin analytics
2026-08-08 13:31:30,616 [INFO] AnalyticsPlugin:253 - Accepted Software Licenses: 
2026-08-08 13:31:30,616 [INFO] AnalyticsPlugin:255 - Accepted CMSIS Pack Licenses: 
2026-08-08 13:31:30,617 [INFO] AnalyticsPlugin:257 - Accepted Firmware Licenses: FW.F4.1.28.0
2026-08-08 13:31:30,624 [INFO] PluginManage:359 - Loaded plugin analytics (category:tool,tabindex:-1)
2026-08-08 13:31:30,626 [INFO] PluginManage:310 - Check plugin cadmodel
2026-08-08 13:31:30,642 [INFO] CADModel:105 - Init CAD model plugin
2026-08-08 13:31:30,642 [INFO] PluginManage:359 - Loaded plugin cadmodel (category:power,tabindex:5)
2026-08-08 13:31:30,643 [INFO] PluginManage:310 - Check plugin clock
2026-08-08 13:31:30,653 [INFO] PluginManage:359 - Loaded plugin clock (category:base,tabindex:2)
2026-08-08 13:31:30,654 [INFO] PluginManage:310 - Check plugin ddr
2026-08-08 13:31:30,655 [INFO] PluginManage:359 - Loaded plugin ddr (category:tool,tabindex:6)
2026-08-08 13:31:30,655 [INFO] PluginManage:310 - Check plugin filemanager
2026-08-08 13:31:30,813 [INFO] PluginManage:359 - Loaded plugin filemanager (category:base,tabindex:10)
2026-08-08 13:31:30,814 [INFO] PluginManage:310 - Check plugin ipmanager
2026-08-08 13:31:30,821 [INFO] PluginManage:359 - Loaded plugin ipmanager (category:base,tabindex:5)
2026-08-08 13:31:30,822 [INFO] PluginManage:310 - Check plugin lpbam
2026-08-08 13:31:30,831 [INFO] PluginManage:359 - Loaded plugin lpbam (category:base,tabindex:0)
2026-08-08 13:31:30,831 [INFO] PluginManage:310 - Check plugin memorymap
2026-08-08 13:31:30,839 [INFO] PluginManage:359 - Loaded plugin memorymap (category:base,tabindex:4)
2026-08-08 13:31:30,840 [INFO] PluginManage:310 - Check plugin pinoutandconfiguration
2026-08-08 13:31:30,847 [INFO] PluginManage:359 - Loaded plugin pinoutandconfiguration (category:base,tabindex:1)
2026-08-08 13:31:30,847 [INFO] PluginManage:310 - Check plugin pinoutconfig
2026-08-08 13:31:30,938 [WARN] SupportedApi:132 - Cannot load RTOS API schema: s4s-elt-must-match.1: The content of 'definitions' must match (annotation?, (simpleType | complexType)?, (unique | key | keyref)*)). A problem was found starting at: attribute.
2026-08-08 13:31:31,083 [INFO] PluginManage:359 - Loaded plugin pinoutconfig (category:base,tabindex:0)
2026-08-08 13:31:31,084 [INFO] PluginManage:310 - Check plugin power
2026-08-08 13:31:31,097 [INFO] PluginManage:359 - Loaded plugin power (category:power,tabindex:4)
2026-08-08 13:31:31,097 [INFO] PluginManage:310 - Check plugin projectmanager
2026-08-08 13:31:31,123 [INFO] PluginManage:359 - Loaded plugin projectmanager (category:projectmanager,tabindex:4)
2026-08-08 13:31:31,123 [INFO] PluginManage:310 - Check plugin rif
2026-08-08 13:31:31,131 [INFO] PluginManage:359 - Loaded plugin rif (category:base,tabindex:3)
2026-08-08 13:31:31,131 [INFO] PluginManage:310 - Check plugin thirdparty
2026-08-08 13:31:31,337 [INFO] PluginManage:359 - Loaded plugin thirdparty (category:base,tabindex:-1)
2026-08-08 13:31:31,338 [INFO] PluginManage:310 - Check plugin tools
2026-08-08 13:31:31,337 [WARN] IntegrityCheckThread:84 - waiting for thirdparty lock release [integrity check]
2026-08-08 13:31:31,338 [INFO] IntegrityCheckThread:86 - entering critical section [integrity check]
2026-08-08 13:31:31,339 [INFO] ThirdPartyUpdaterWithRetryManager:70 - Updater plugin not ready yet. [1/15]
2026-08-08 13:31:31,341 [INFO] PluginManage:359 - Loaded plugin tools (category:base,tabindex:7)
2026-08-08 13:31:31,341 [INFO] PluginManage:310 - Check plugin tutovideos
2026-08-08 13:31:31,515 [INFO] PluginManage:359 - Loaded plugin tutovideos (category:base,tabindex:-1)
2026-08-08 13:31:31,515 [INFO] PluginManage:310 - Check plugin updater
2026-08-08 13:31:31,541 [INFO] PluginManage:359 - Loaded plugin updater (category:base,tabindex:12)
2026-08-08 13:31:31,541 [INFO] PluginManage:310 - Check plugin userauth
2026-08-08 13:31:31,545 [INFO] UserAuth:118 - Init User Auth plugin
2026-08-08 13:31:31,546 [INFO] PluginManage:359 - Loaded plugin userauth (category:base,tabindex:14)
2026-08-08 13:31:31,546 [INFO] PluginManage:283 - PluginManage : Loaded plugins [18]
2026-08-08 13:31:31,749 [INFO] PinOutPanel:1589 - setPackage(No Configuration,No Configuration)
2026-08-08 13:31:31,823 [INFO] CADModel:165 - CPN selected for project level
2026-08-08 13:31:31,823 [INFO] CADModel:114 - Register for checkConnection events
2026-08-08 13:31:31,834 [INFO] IPUIPlugin:80 - create IPUIPlugin
2026-08-08 13:31:31,834 [INFO] PluginManager:220 - loadIPPluginJar : add mdma
2026-08-08 13:31:31,840 [INFO] IPUIPlugin:80 - create IPUIPlugin
2026-08-08 13:31:31,840 [INFO] PluginManager:220 - loadIPPluginJar : add freertos
2026-08-08 13:31:31,842 [INFO] IPUIPlugin:80 - create IPUIPlugin
2026-08-08 13:31:31,842 [INFO] PluginManager:220 - loadIPPluginJar : add gic
2026-08-08 13:31:31,850 [INFO] IPUIPlugin:80 - create IPUIPlugin
2026-08-08 13:31:31,851 [INFO] PluginManager:220 - loadIPPluginJar : add adc
2026-08-08 13:31:31,852 [INFO] IPUIPlugin:80 - create IPUIPlugin
2026-08-08 13:31:31,852 [INFO] PluginManager:220 - loadIPPluginJar : add gtzc
2026-08-08 13:31:31,853 [INFO] IPUIPlugin:80 - create IPUIPlugin
2026-08-08 13:31:31,853 [INFO] PluginManager:220 - loadIPPluginJar : add quadspi
2026-08-08 13:31:31,854 [INFO] IPUIPlugin:80 - create IPUIPlugin
2026-08-08 13:31:31,854 [INFO] PluginManager:220 - loadIPPluginJar : add aes
2026-08-08 13:31:31,856 [INFO] IPUIPlugin:80 - create IPUIPlugin
2026-08-08 13:31:31,856 [INFO] PluginManager:220 - loadIPPluginJar : add pdm2pcm
2026-08-08 13:31:31,857 [INFO] IPUIPlugin:80 - create IPUIPlugin
2026-08-08 13:31:31,857 [INFO] PluginManager:220 - loadIPPluginJar : add hash
2026-08-08 13:31:31,858 [INFO] IPUIPlugin:80 - create IPUIPlugin
2026-08-08 13:31:31,858 [INFO] PluginManager:220 - loadIPPluginJar : add tim
2026-08-08 13:31:31,860 [INFO] IPUIPlugin:80 - create IPUIPlugin
2026-08-08 13:31:31,860 [INFO] PluginManager:220 - loadIPPluginJar : add tsc
2026-08-08 13:31:31,863 [INFO] IPUIPlugin:80 - create IPUIPlugin
2026-08-08 13:31:31,863 [INFO] PluginManager:220 - loadIPPluginJar : add extmemmanager
2026-08-08 13:31:31,864 [INFO] IPUIPlugin:80 - create IPUIPlugin
2026-08-08 13:31:31,864 [INFO] PluginManager:220 - loadIPPluginJar : add ts
2026-08-08 13:31:31,865 [INFO] IPUIPlugin:80 - create IPUIPlugin
2026-08-08 13:31:31,865 [INFO] PluginManager:220 - loadIPPluginJar : add radio
2026-08-08 13:31:31,866 [INFO] IPUIPlugin:80 - create IPUIPlugin
2026-08-08 13:31:31,866 [INFO] PluginManager:220 - loadIPPluginJar : add can
2026-08-08 13:31:31,868 [INFO] IPUIPlugin:80 - create IPUIPlugin
2026-08-08 13:31:31,868 [INFO] PluginManager:220 - loadIPPluginJar : add dma3
2026-08-08 13:31:31,869 [INFO] IPUIPlugin:80 - create IPUIPlugin
2026-08-08 13:31:31,869 [INFO] PluginManager:220 - loadIPPluginJar : add dfsdm
2026-08-08 13:31:31,870 [INFO] IPUIPlugin:80 - create IPUIPlugin
2026-08-08 13:31:31,870 [INFO] PluginManager:220 - loadIPPluginJar : add spi
2026-08-08 13:31:31,871 [INFO] IPUIPlugin:80 - create IPUIPlugin
2026-08-08 13:31:31,871 [INFO] PluginManager:220 - loadIPPluginJar : add gfxmmu
2026-08-08 13:31:31,872 [INFO] IPUIPlugin:80 - create IPUIPlugin
2026-08-08 13:31:31,873 [INFO] PluginManager:220 - loadIPPluginJar : add genericplugin
2026-08-08 13:31:31,874 [INFO] IPUIPlugin:80 - create IPUIPlugin
2026-08-08 13:31:31,874 [INFO] PluginManager:220 - loadIPPluginJar : add cryp
2026-08-08 13:31:31,877 [INFO] IPUIPlugin:80 - create IPUIPlugin
2026-08-08 13:31:31,877 [INFO] PluginManager:220 - loadIPPluginJar : add gpio
2026-08-08 13:31:31,879 [INFO] IPUIPlugin:80 - create IPUIPlugin
2026-08-08 13:31:31,879 [INFO] PluginManager:220 - loadIPPluginJar : add ddr_ctrl_phy
2026-08-08 13:31:31,880 [INFO] IPUIPlugin:80 - create IPUIPlugin
2026-08-08 13:31:31,880 [INFO] PluginManager:220 - loadIPPluginJar : add comp
2026-08-08 13:31:31,882 [INFO] IPUIPlugin:80 - create IPUIPlugin
2026-08-08 13:31:31,883 [INFO] PluginManager:220 - loadIPPluginJar : add tracer_emb
2026-08-08 13:31:31,884 [INFO] IPUIPlugin:80 - create IPUIPlugin
2026-08-08 13:31:31,884 [INFO] PluginManager:220 - loadIPPluginJar : add openamp
2026-08-08 13:31:31,888 [INFO] IPUIPlugin:80 - create IPUIPlugin
2026-08-08 13:31:31,888 [INFO] PluginManager:220 - loadIPPluginJar : add stm32_wpan
2026-08-08 13:31:31,891 [INFO] IPUIPlugin:80 - create IPUIPlugin
2026-08-08 13:31:31,894 [INFO] PluginManager:220 - loadIPPluginJar : add plateformsettings
2026-08-08 13:31:31,896 [INFO] IPUIPlugin:80 - create IPUIPlugin
2026-08-08 13:31:31,896 [INFO] PluginManager:220 - loadIPPluginJar : add ipddr
2026-08-08 13:31:31,897 [INFO] IPUIPlugin:80 - create IPUIPlugin
2026-08-08 13:31:31,897 [INFO] PluginManager:220 - loadIPPluginJar : add usart
2026-08-08 13:31:31,898 [INFO] IPUIPlugin:80 - create IPUIPlugin
2026-08-08 13:31:31,898 [INFO] PluginManager:220 - loadIPPluginJar : add ltdc
2026-08-08 13:31:31,900 [INFO] IPUIPlugin:80 - create IPUIPlugin
2026-08-08 13:31:31,900 [INFO] PluginManager:220 - loadIPPluginJar : add nvic
2026-08-08 13:31:31,900 [INFO] IPUIPlugin:80 - create IPUIPlugin
2026-08-08 13:31:31,901 [INFO] PluginManager:220 - loadIPPluginJar : add fatfs
2026-08-08 13:31:31,905 [INFO] IPUIPlugin:80 - create IPUIPlugin
2026-08-08 13:31:31,905 [INFO] PluginManager:220 - loadIPPluginJar : add linkedlist
2026-08-08 13:31:31,909 [INFO] IPUIPlugin:80 - create IPUIPlugin
2026-08-08 13:31:31,909 [INFO] PluginManager:220 - loadIPPluginJar : add dma
2026-08-08 13:31:31,911 [INFO] IPUIPlugin:80 - create IPUIPlugin
2026-08-08 13:31:31,911 [INFO] PluginManager:220 - loadIPPluginJar : add fmc
2026-08-08 13:31:31,912 [INFO] IPUIPlugin:80 - create IPUIPlugin
2026-08-08 13:31:31,912 [INFO] PluginManager:220 - loadIPPluginJar : add i2s
2026-08-08 13:31:31,912 [INFO] IPUIPlugin:80 - create IPUIPlugin
2026-08-08 13:31:31,913 [INFO] PluginManager:220 - loadIPPluginJar : add ucpd
2026-08-08 13:31:31,914 [INFO] IPUIPlugin:80 - create IPUIPlugin
2026-08-08 13:31:31,914 [INFO] PluginManager:220 - loadIPPluginJar : add lorawan
2026-08-08 13:31:31,915 [INFO] IPUIPlugin:80 - create IPUIPlugin
2026-08-08 13:31:31,915 [INFO] PluginManager:220 - loadIPPluginJar : add opamp
2026-08-08 13:31:31,917 [INFO] IPUIPlugin:80 - create IPUIPlugin
2026-08-08 13:31:31,917 [INFO] PluginManager:220 - loadIPPluginJar : add i3c
2026-08-08 13:31:31,918 [INFO] IPUIPlugin:80 - create IPUIPlugin
2026-08-08 13:31:31,918 [INFO] PluginManager:220 - loadIPPluginJar : add touchsensing
2026-08-08 13:31:31,920 [INFO] IPUIPlugin:80 - create IPUIPlugin
2026-08-08 13:31:31,920 [INFO] PluginManager:220 - loadIPPluginJar : add i2c
2026-08-08 13:31:31,922 [INFO] IPUIPlugin:80 - create IPUIPlugin
2026-08-08 13:31:31,923 [INFO] PluginManager:220 - loadIPPluginJar : add resmgrutility
2026-08-08 13:31:31,924 [INFO] IPUIPlugin:80 - create IPUIPlugin
2026-08-08 13:31:31,924 [INFO] PluginManager:220 - loadIPPluginJar : add sai
2026-08-08 13:31:31,926 [INFO] IPUIPlugin:80 - create IPUIPlugin
2026-08-08 13:31:31,926 [INFO] PluginManager:220 - loadIPPluginJar : add usbx
2026-08-08 13:31:32,042 [FATAL] Updater:351 - Updater called before beeing initialized
2026-08-08 13:31:32,085 [INFO] RulesReader:64 - Compatibility file has been processed (317 Rules)
2026-08-08 13:31:32,105 [INFO] RulesReader:64 - Compatibility file has been processed (317 Rules)
2026-08-08 13:31:32,120 [INFO] CADModel:165 - CPN selected for project level
2026-08-08 13:31:32,120 [INFO] CADModel:114 - Register for checkConnection events
2026-08-08 13:31:32,120 [FATAL] Updater:351 - Updater called before beeing initialized
2026-08-08 13:31:32,121 [ERROR] CADModel:125 - Updater not yet initialized, retry later 
2026-08-08 13:31:32,638 [FATAL] Updater:351 - Updater called before beeing initialized
2026-08-08 13:31:32,640 [INFO] CADModel:165 - CPN selected for project level
2026-08-08 13:31:32,640 [INFO] CADModel:114 - Register for checkConnection events
2026-08-08 13:31:32,640 [FATAL] Updater:351 - Updater called before beeing initialized
2026-08-08 13:31:32,640 [ERROR] CADModel:125 - Updater not yet initialized, retry later 
2026-08-08 13:31:32,643 [FATAL] Updater:351 - Updater called before beeing initialized
2026-08-08 13:31:32,813 [FATAL] Updater:351 - Updater called before beeing initialized
2026-08-08 13:31:32,818 [INFO] DbMcusAds:53 - JSON generation date=Mon Apr 27 03:14:29 COT 2026 (1777277669577)
2026-08-08 13:31:32,819 [FATAL] Updater:351 - Updater called before beeing initialized
2026-08-08 13:31:32,874 [WARN] DetailPanel:346 - Failed to get advertising image, set to default
2026-08-08 13:31:32,965 [FATAL] Updater:351 - Updater called before beeing initialized
2026-08-08 13:31:32,969 [FATAL] Updater:351 - Updater called before beeing initialized
2026-08-08 13:31:32,969 [FATAL] Updater:351 - Updater called before beeing initialized
2026-08-08 13:31:32,970 [WARN] DetailPanel:346 - Failed to get advertising image, set to default
2026-08-08 13:31:32,972 [FATAL] Updater:351 - Updater called before beeing initialized
2026-08-08 13:31:33,022 [ERROR] Updater:1198 - MainUpdater not yet initialized. External WinMGr cannot be set.
2026-08-08 13:31:33,027 [INFO] Updater:1134 - Updater Version found : 6.15.0
2026-08-08 13:31:33,041 [INFO] ApplicationProperties:184 - Using Application install path: /Applications/STM32CubeIDE.app/Contents/Eclipse/plugins/com.st.stm32cube.common.mx_6.15.0.202507011659
2026-08-08 13:31:33,417 [INFO] MainUpdater:2872 - connection check result : 10
2026-08-08 13:31:33,418 [INFO] MainUpdater:289 - Updater Check For Update Now.
2026-08-08 13:31:33,418 [INFO] MicroXplorer:498 - Change Database Version : DB.6.0.150
2026-08-08 13:31:33,428 [INFO] McuFinderGlobals:63 - Set McuFinder mode to 2 (CubeIDE integrated)
2026-08-08 13:31:33,430 [INFO] UserAuth:487 - Internet connection configuration mode: 1
2026-08-08 13:31:33,454 [INFO] JxBrowserEngine:152 - Initiate JxBrowser Engine with user profile folder
2026-08-08 13:31:33,699 [INFO] CheckServerUpdateThread:120 - End of CheckServer Thread
2026-08-08 13:31:34,580 [WARN] PackLoader:240 - Cannot read IP mode file for STMicroelectronics.FP-SNS-MOTENVWB1.1.4.0
2026-08-08 13:31:34,598 [WARN] PackLoader:240 - Cannot read IP mode file for STMicroelectronics.FP-ATR-ASTRA1.2.0.2
2026-08-08 13:31:34,609 [ERROR] Engine:466 - /Users/usuario/.stm32cubemx/thirdparties/pdsc/STMicroelectronics.X-CUBE-SMBUS.2.1.1.pdsc: PDSC version is not supported
2026-08-08 13:31:34,613 [WARN] PackLoader:240 - Cannot read IP mode file for STMicroelectronics.X-CUBE-SMBUS.2.1.0
2026-08-08 13:31:34,655 [WARN] PackLoader:240 - Cannot read IP mode file for STMicroelectronics.X-CUBE-AZRTOS-F7.1.1.0
2026-08-08 13:31:34,684 [WARN] PackLoader:240 - Cannot read IP mode file for STMicroelectronics.X-CUBE-FREERTOS.1.6.0
2026-08-08 13:31:34,747 [WARN] PackLoader:240 - Cannot read IP mode file for STMicroelectronics.X-CUBE-AZRTOS-H7RS.1.3.0
2026-08-08 13:31:34,789 [WARN] PackLoader:240 - Cannot read IP mode file for STMicroelectronics.X-CUBE-DISPLAY.3.0.0
2026-08-08 13:31:34,822 [WARN] PackLoader:240 - Cannot read IP mode file for STMicroelectronics.X-CUBE-GNSS1.7.1.1
2026-08-08 13:31:34,834 [WARN] PackLoader:240 - Cannot read IP mode file for STMicroelectronics.X-CUBE-NFC10.1.0.0
2026-08-08 13:31:34,841 [ERROR] Engine:466 - /Users/usuario/.stm32cubemx/thirdparties/pdsc/STMicroelectronics.X-CUBE-WBA.1.1.0.pdsc: PDSC version is not supported
2026-08-08 13:31:34,848 [WARN] PackLoader:240 - Cannot read IP mode file for STMicroelectronics.X-CUBE-GNSS1.7.1.0
2026-08-08 13:31:34,858 [WARN] PackLoader:240 - Cannot read IP mode file for STMicroelectronics.FP-SNS-SMARTAG2.1.2.0
2026-08-08 13:31:34,864 [WARN] PackLoader:240 - Cannot read IP mode file for STMicroelectronics.FP-SNS-FLIGHT1.5.1.0
2026-08-08 13:31:34,873 [INFO] LogOutputStream:77 - [STDOUT_REDIRECT] 1 : Invalid condition id : UX_CORESTACK_Condition cause : null
2026-08-08 13:31:34,874 [INFO] LogOutputStream:77 - [STDOUT_REDIRECT] 1 : Invalid condition id : UX_CORESTACK_Condition cause : null
2026-08-08 13:31:34,875 [INFO] LogOutputStream:77 - [STDOUT_REDIRECT] 1 : Invalid condition id : UX_CORESTACK_Condition cause : null
2026-08-08 13:31:34,876 [INFO] LogOutputStream:77 - [STDOUT_REDIRECT] 1 : Invalid condition id : UX_CORESTACK_Condition cause : null
2026-08-08 13:31:34,876 [INFO] LogOutputStream:77 - [STDOUT_REDIRECT] 1 : Invalid condition id : UX_CORESTACK_Condition cause : null
2026-08-08 13:31:34,890 [WARN] PackLoader:240 - Cannot read IP mode file for STMicroelectronics.X-CUBE-AZRTOS-WL.2.0.0
2026-08-08 13:31:34,932 [WARN] PackLoader:240 - Cannot read IP mode file for STMicroelectronics.X-CUBE-AZRTOS-H7RS.1.2.0
2026-08-08 13:31:34,953 [WARN] PackLoader:240 - Cannot read IP mode file for STMicroelectronics.X-CUBE-BLE2.3.3.0
2026-08-08 13:31:34,996 [WARN] PackLoader:240 - Cannot read IP mode file for STMicroelectronics.X-CUBE-NFC9.1.0.0
2026-08-08 13:31:35,020 [WARN] PackLoader:240 - Cannot read IP mode file for STMicroelectronics.X-CUBE-BLE1.7.1.0
2026-08-08 13:31:35,040 [WARN] PackLoader:240 - Cannot read IP mode file for STMicroelectronics.X-CUBE-FREERTOS.1.4.0
2026-08-08 13:31:35,060 [WARN] PackLoader:240 - Cannot read IP mode file for STMicroelectronics.FP-SNS-STAIOTCFT.1.1.0
2026-08-08 13:31:35,575 [WARN] PackLoader:240 - Cannot read IP mode file for STMicroelectronics.X-CUBE-MEMS1.12.0.0
2026-08-08 13:31:35,926 [WARN] PackLoader:240 - Cannot read IP mode file for STMicroelectronics.X-CUBE-AZRTOS-G0.1.1.0
2026-08-08 13:31:35,974 [WARN] PackLoader:240 - Cannot read IP mode file for STMicroelectronics.X-CUBE-NFC4.3.0.0
2026-08-08 13:31:36,009 [WARN] PackLoader:240 - Cannot read IP mode file for EmbeddedOffice.I-CUBE-FS-RTOS.1.0.1
2026-08-08 13:31:36,040 [WARN] PackLoader:240 - Cannot read IP mode file for STMicroelectronics.X-CUBE-WB05N.2.0.0
2026-08-08 13:31:36,053 [WARN] PackLoader:240 - Cannot read IP mode file for STMicroelectronics.X-CUBE-TCPP.4.2.0
2026-08-08 13:31:36,060 [WARN] PackLoader:240 - Cannot read IP mode file for RealThread.X-CUBE-RT-Thread_Nano.4.1.1
2026-08-08 13:31:36,065 [WARN] PackLoader:240 - Cannot read IP mode file for STMicroelectronics.FP-ATR-SIGFOX1.3.2.0
2026-08-08 13:31:36,075 [WARN] PackLoader:240 - Cannot read IP mode file for STMicroelectronics.X-CUBE-FREERTOS.1.5.0
2026-08-08 13:31:36,112 [WARN] PackLoader:240 - Cannot read IP mode file for STMicroelectronics.X-CUBE-AI.10.2.1
2026-08-08 13:31:36,221 [WARN] PackLoader:240 - Cannot read IP mode file for STMicroelectronics.X-CUBE-MEMS1.12.1.0
2026-08-08 13:31:36,373 [WARN] PackLoader:240 - Cannot read IP mode file for SEGGER.I-CUBE-embOS.1.3.1
2026-08-08 13:31:36,468 [WARN] PackLoader:240 - Cannot read IP mode file for STMicroelectronics.X-CUBE-ALGOBUILD.1.4.0
2026-08-08 13:31:36,495 [WARN] PackLoader:240 - Cannot read IP mode file for STMicroelectronics.X-CUBE-NFC13.1.0.0
2026-08-08 13:31:36,509 [WARN] PackLoader:240 - Cannot read IP mode file for STMicroelectronics.X-CUBE-PM33A1.1.0.0
2026-08-08 13:31:36,537 [WARN] PackLoader:240 - Cannot read IP mode file for STMicroelectronics.X-CUBE-AZRTOS-F4.1.1.0
2026-08-08 13:31:36,548 [WARN] PackLoader:240 - Cannot read IP mode file for STMicroelectronics.X-CUBE-ISPU.2.1.0
2026-08-08 13:31:36,577 [WARN] PackLoader:240 - Cannot read IP mode file for STMicroelectronics.X-CUBE-AZRTOS-L5.2.0.0
2026-08-08 13:31:36,600 [WARN] PackLoader:240 - Cannot read IP mode file for STMicroelectronics.X-CUBE-ALGOBUILD.1.5.0
2026-08-08 13:31:36,613 [ERROR] Engine:466 - /Users/usuario/.stm32cubemx/thirdparties/pdsc/STMicroelectronics.X-CUBE-ST67W61.1.3.0.pdsc: PDSC version is not supported
2026-08-08 13:31:36,622 [WARN] PackLoader:240 - Cannot read IP mode file for STMicroelectronics.FP-SNS-STAIOTCFT.1.0.0
2026-08-08 13:31:36,636 [WARN] PackLoader:240 - Cannot read IP mode file for STMicroelectronics.X-CUBE-DPower.1.3.0
2026-08-08 13:31:36,674 [WARN] ConditionMgr:438 - getConditionDescription Invalid condition id : LAN8742 Phy interface Condition cause : null
2026-08-08 13:31:36,677 [WARN] PackLoader:240 - Cannot read IP mode file for STMicroelectronics.X-CUBE-AZRTOS-L4.2.0.0
2026-08-08 13:31:36,681 [WARN] ConditionMgr:1044 - genDependencies : Invalid condition id : LAN8742 Phy interface Condition cause : null
2026-08-08 13:31:36,682 [WARN] ConditionMgr:1044 - genDependencies : Invalid condition id : LAN8742 Phy interface Condition cause : null
2026-08-08 13:31:36,683 [WARN] ConditionMgr:1044 - genDependencies : Invalid condition id : LAN8742 Phy interface Condition cause : null
2026-08-08 13:31:36,691 [WARN] PackLoader:240 - Cannot read IP mode file for STMicroelectronics.X-CUBE-SFXS2LP1.4.0.0
2026-08-08 13:31:36,709 [WARN] PackLoader:240 - Cannot read IP mode file for STMicroelectronics.X-CUBE-BLEMGR.4.1.0
2026-08-08 13:31:36,732 [WARN] ConditionMgr:438 - getConditionDescription Invalid condition id : UX DEVICE CLASS RTOS Condition cause : null
2026-08-08 13:31:36,733 [WARN] ConditionMgr:438 - getConditionDescription Invalid condition id : UX DEVICE CLASS RTOS Condition cause : null
2026-08-08 13:31:36,737 [WARN] PackLoader:240 - Cannot read IP mode file for STMicroelectronics.X-CUBE-AZRTOS-WB.2.0.0
2026-08-08 13:31:36,738 [WARN] ConditionMgr:1044 - genDependencies : Invalid condition id : UX DEVICE CLASS RTOS Condition cause : null
2026-08-08 13:31:36,739 [WARN] ConditionMgr:1044 - genDependencies : Invalid condition id : UX DEVICE CLASS RTOS Condition cause : null
2026-08-08 13:31:36,740 [WARN] ConditionMgr:1044 - genDependencies : Invalid condition id : UX DEVICE CLASS RTOS Condition cause : null
2026-08-08 13:31:36,740 [WARN] ConditionMgr:1044 - genDependencies : Invalid condition id : UX DEVICE CLASS RTOS Condition cause : null
2026-08-08 13:31:36,740 [WARN] ConditionMgr:1044 - genDependencies : Invalid condition id : UX DEVICE CLASS RTOS Condition cause : null
2026-08-08 13:31:36,752 [WARN] PackLoader:240 - Cannot read IP mode file for STMicroelectronics.X-CUBE-SUBG2.5.0.0
2026-08-08 13:31:36,774 [WARN] PackLoader:240 - Cannot read IP mode file for STMicroelectronics.X-CUBE-AZRTOS-G4.2.0.0
2026-08-08 13:31:36,783 [WARN] PackLoader:240 - Cannot read IP mode file for STMicroelectronics.X-CUBE-NFC7.2.0.0
2026-08-08 13:31:36,786 [ERROR] Engine:466 - /Users/usuario/.stm32cubemx/thirdparties/pdsc/STMicroelectronics.X-CUBE-BLEMGR.4.2.0.pdsc: PDSC version is not supported
2026-08-08 13:31:36,789 [WARN] PackLoader:240 - Cannot read IP mode file for STMicroelectronics.X-CUBE-ALS.1.0.2
2026-08-08 13:31:36,811 [WARN] PackLoader:240 - Cannot read IP mode file for STMicroelectronics.X-CUBE-TOF1.3.4.3
2026-08-08 13:31:36,832 [INFO] ThirdParty:978 - Integrity check success = true
2026-08-08 13:31:36,832 [INFO] IntegrityCheckThread:100 - exiting critical section [integrity check]
2026-08-08 13:31:36,832 [INFO] IntegrityCheckThread:103 - End integrity checks thread
2026-08-08 13:31:40,947 [INFO] WebApp:169 - Instantiating new browser for Auth
2026-08-08 13:31:42,934 [INFO] WebApp:463 - Apply proxy settings
2026-08-08 13:31:43,009 [INFO] WebApp:508 - Chromium authenticates against Manually configured proxy
2026-08-08 13:31:43,028 [INFO] WebApp:516 - Username used for proxy authentication: 
2026-08-08 13:31:43,080 [INFO] WebApp:900 - Register for checkConnection events
2026-08-08 13:31:43,081 [INFO] WebApp:463 - Apply proxy settings
2026-08-08 13:31:43,093 [INFO] WebApp:508 - Chromium authenticates against Manually configured proxy
2026-08-08 13:31:43,094 [INFO] WebApp:516 - Username used for proxy authentication: 
2026-08-08 13:31:43,287 [INFO] WebApp:225 - Starting web application
2026-08-08 13:31:43,287 [INFO] WebApp:593 - Web application path used /Applications/STM32CubeIDE.app/Contents/Eclipse/plugins/com.st.stm32cube.common.mx_6.15.0.202507011659/db/plugins/mcufinder/reactClient1/index.html
2026-08-08 13:31:44,012 [INFO] WebApp:191 - Connection restablished
2026-08-08 13:31:44,091 [INFO] UserAuth:487 - Internet connection configuration mode: 1
2026-08-08 13:51:06,490 [INFO] Activator:176 - 


2026-08-08 13:51:06,492 [INFO] Activator:177 - !SESSION log4j initialized
2026-08-08 13:51:11,184 [INFO] LogOutputStream:77 - [STDOUT_REDIRECT] 
2026-08-08 13:51:12,579 [ERROR] LogOutputStream:75 - [STDERR_REDIRECT] 
2026-08-08 13:51:15,543 [INFO] LogOutputStream:77 - [STDOUT_REDIRECT] 
2026-08-08 13:51:17,157 [INFO] ApplicationProperties:184 - Using Application install path: /Applications/STM32CubeIDE.app/Contents/Eclipse/plugins/com.st.stm32cube.common.mx_6.15.0.202507011659
2026-08-08 13:51:17,171 [INFO] DbMcusXml:78 - Set database path to: /Applications/STM32CubeIDE.app/Contents/Eclipse/plugins/com.st.stm32cube.common.mx_6.15.0.202507011659//db//mcu/
2026-08-08 13:51:17,172 [INFO] ApiDb:274 - Set plugin database path to: /Applications/STM32CubeIDE.app/Contents/Eclipse/plugins/com.st.stm32cube.common.mx_6.15.0.202507011659//db//plugins/boardmanager/
2026-08-08 13:51:17,172 [WARN] ApiDb:259 - Overriding images path with different value:  => /Applications/STM32CubeIDE.app/Contents/Eclipse/plugins/com.st.stm32cube.common.mx_6.15.0.202507011659//db//plugins/mcufinder/images/
2026-08-08 13:51:17,178 [INFO] ApiDb:250 - Set database path to: /Users/usuario/.stmcufinder/plugins/mcufinder//mcu/
2026-08-08 13:51:17,178 [INFO] DbMcusAds:125 - Set database path to: /Users/usuario/.stmcufinder/plugins/mcufinder//mcu/
2026-08-08 13:51:17,180 [INFO] CrossReferenceDbSqlite:203 - Set database path to: /Users/usuario/.stmcufinder/plugins/mcufinder//mcu/cs/
2026-08-08 13:51:17,315 [INFO] RulesReader:64 - Compatibility file has been processed (317 Rules)
2026-08-08 13:51:17,370 [INFO] DbMcusXml:78 - Set database path to: /Applications/STM32CubeIDE.app/Contents/Eclipse/plugins/com.st.stm32cube.common.mx_6.15.0.202507011659//db//mcu/
2026-08-08 13:51:17,370 [INFO] ApiDb:274 - Set plugin database path to: /Applications/STM32CubeIDE.app/Contents/Eclipse/plugins/com.st.stm32cube.common.mx_6.15.0.202507011659//db//plugins/boardmanager/
2026-08-08 13:51:17,370 [INFO] ApiDb:261 - Set plugin images path to: /Applications/STM32CubeIDE.app/Contents/Eclipse/plugins/com.st.stm32cube.common.mx_6.15.0.202507011659//db//plugins/mcufinder/images/
2026-08-08 13:51:17,371 [WARN] DbFile:41 - Overriding database path with different value: /Users/usuario/.stmcufinder/plugins/mcufinder/ => /Users/usuario/.stmcufinder/plugins/mcufinder
2026-08-08 13:51:17,371 [INFO] ApiDb:250 - Set database path to: /Users/usuario/.stmcufinder/plugins/mcufinder//mcu/
2026-08-08 13:51:17,371 [WARN] DbFile:41 - Overriding database path with different value: /Users/usuario/.stmcufinder/plugins/mcufinder/ => /Users/usuario/.stmcufinder/plugins/mcufinder
2026-08-08 13:51:17,371 [INFO] DbMcusAds:125 - Set database path to: /Users/usuario/.stmcufinder/plugins/mcufinder//mcu/
2026-08-08 13:51:17,372 [WARN] DbFile:41 - Overriding database path with different value: /Users/usuario/.stmcufinder/plugins/mcufinder/ => /Users/usuario/.stmcufinder/plugins/mcufinder
2026-08-08 13:51:17,372 [WARN] DbFile:41 - Overriding database path with different value: /Users/usuario/.stmcufinder/plugins/mcufinder/ => /Users/usuario/.stmcufinder/plugins/mcufinder
2026-08-08 13:51:17,372 [INFO] CrossReferenceDbSqlite:203 - Set database path to: /Users/usuario/.stmcufinder/plugins/mcufinder//mcu/cs/
2026-08-08 13:51:17,440 [INFO] MainPanel:274 - HeapMemory: 268435456
2026-08-08 13:51:18,666 [INFO] DbMcusXml:78 - Set database path to: /Applications/STM32CubeIDE.app/Contents/Eclipse/plugins/com.st.stm32cube.common.mx_6.15.0.202507011659//db//mcu/
2026-08-08 13:51:18,667 [INFO] ApiDb:274 - Set plugin database path to: /Applications/STM32CubeIDE.app/Contents/Eclipse/plugins/com.st.stm32cube.common.mx_6.15.0.202507011659//db//plugins/boardmanager/
2026-08-08 13:51:18,667 [INFO] ApiDb:261 - Set plugin images path to: /Applications/STM32CubeIDE.app/Contents/Eclipse/plugins/com.st.stm32cube.common.mx_6.15.0.202507011659//db//plugins/mcufinder/images/
2026-08-08 13:51:18,668 [WARN] DbFile:41 - Overriding database path with different value: /Users/usuario/.stmcufinder/plugins/mcufinder/ => /Users/usuario/.stmcufinder/plugins/mcufinder
2026-08-08 13:51:18,668 [INFO] ApiDb:250 - Set database path to: /Users/usuario/.stmcufinder/plugins/mcufinder//mcu/
2026-08-08 13:51:18,668 [WARN] DbFile:41 - Overriding database path with different value: /Users/usuario/.stmcufinder/plugins/mcufinder/ => /Users/usuario/.stmcufinder/plugins/mcufinder
2026-08-08 13:51:18,668 [INFO] DbMcusAds:125 - Set database path to: /Users/usuario/.stmcufinder/plugins/mcufinder//mcu/
2026-08-08 13:51:18,668 [WARN] DbFile:41 - Overriding database path with different value: /Users/usuario/.stmcufinder/plugins/mcufinder/ => /Users/usuario/.stmcufinder/plugins/mcufinder
2026-08-08 13:51:18,668 [WARN] DbFile:41 - Overriding database path with different value: /Users/usuario/.stmcufinder/plugins/mcufinder/ => /Users/usuario/.stmcufinder/plugins/mcufinder
2026-08-08 13:51:18,668 [INFO] CrossReferenceDbSqlite:203 - Set database path to: /Users/usuario/.stmcufinder/plugins/mcufinder//mcu/cs/
2026-08-08 13:51:18,687 [INFO] ApplicationProperties:184 - Using Application install path: /Applications/STM32CubeIDE.app/Contents/Eclipse/plugins/com.st.stm32cube.common.mx_6.15.0.202507011659
2026-08-08 13:51:18,688 [INFO] PluginManage:196 - Search for loadable plugins [exclusion list=, ]
2026-08-08 13:51:18,690 [INFO] PluginManage:310 - Check plugin analytics
2026-08-08 13:51:18,923 [INFO] AnalyticsPlugin:253 - Accepted Software Licenses: 
2026-08-08 13:51:18,923 [INFO] AnalyticsPlugin:255 - Accepted CMSIS Pack Licenses: 
2026-08-08 13:51:18,923 [INFO] AnalyticsPlugin:257 - Accepted Firmware Licenses: FW.F4.1.28.0
2026-08-08 13:51:18,928 [INFO] PluginManage:359 - Loaded plugin analytics (category:tool,tabindex:-1)
2026-08-08 13:51:18,931 [INFO] PluginManage:310 - Check plugin cadmodel
2026-08-08 13:51:18,947 [INFO] CADModel:105 - Init CAD model plugin
2026-08-08 13:51:18,947 [INFO] PluginManage:359 - Loaded plugin cadmodel (category:power,tabindex:5)
2026-08-08 13:51:18,947 [INFO] PluginManage:310 - Check plugin clock
2026-08-08 13:51:18,957 [INFO] PluginManage:359 - Loaded plugin clock (category:base,tabindex:2)
2026-08-08 13:51:18,957 [INFO] PluginManage:310 - Check plugin ddr
2026-08-08 13:51:18,959 [INFO] PluginManage:359 - Loaded plugin ddr (category:tool,tabindex:6)
2026-08-08 13:51:18,959 [INFO] PluginManage:310 - Check plugin filemanager
2026-08-08 13:51:19,121 [INFO] PluginManage:359 - Loaded plugin filemanager (category:base,tabindex:10)
2026-08-08 13:51:19,121 [INFO] PluginManage:310 - Check plugin ipmanager
2026-08-08 13:51:19,127 [INFO] PluginManage:359 - Loaded plugin ipmanager (category:base,tabindex:5)
2026-08-08 13:51:19,127 [INFO] PluginManage:310 - Check plugin lpbam
2026-08-08 13:51:19,137 [INFO] PluginManage:359 - Loaded plugin lpbam (category:base,tabindex:0)
2026-08-08 13:51:19,137 [INFO] PluginManage:310 - Check plugin memorymap
2026-08-08 13:51:19,145 [INFO] PluginManage:359 - Loaded plugin memorymap (category:base,tabindex:4)
2026-08-08 13:51:19,146 [INFO] PluginManage:310 - Check plugin pinoutandconfiguration
2026-08-08 13:51:19,154 [INFO] PluginManage:359 - Loaded plugin pinoutandconfiguration (category:base,tabindex:1)
2026-08-08 13:51:19,155 [INFO] PluginManage:310 - Check plugin pinoutconfig
2026-08-08 13:51:19,236 [WARN] SupportedApi:132 - Cannot load RTOS API schema: s4s-elt-must-match.1: The content of 'definitions' must match (annotation?, (simpleType | complexType)?, (unique | key | keyref)*)). A problem was found starting at: attribute.
2026-08-08 13:51:19,384 [INFO] PluginManage:359 - Loaded plugin pinoutconfig (category:base,tabindex:0)
2026-08-08 13:51:19,385 [INFO] PluginManage:310 - Check plugin power
2026-08-08 13:51:19,397 [INFO] PluginManage:359 - Loaded plugin power (category:power,tabindex:4)
2026-08-08 13:51:19,397 [INFO] PluginManage:310 - Check plugin projectmanager
2026-08-08 13:51:19,425 [INFO] PluginManage:359 - Loaded plugin projectmanager (category:projectmanager,tabindex:4)
2026-08-08 13:51:19,425 [INFO] PluginManage:310 - Check plugin rif
2026-08-08 13:51:19,433 [INFO] PluginManage:359 - Loaded plugin rif (category:base,tabindex:3)
2026-08-08 13:51:19,434 [INFO] PluginManage:310 - Check plugin thirdparty
2026-08-08 13:51:19,586 [INFO] PluginManage:359 - Loaded plugin thirdparty (category:base,tabindex:-1)
2026-08-08 13:51:19,586 [INFO] PluginManage:310 - Check plugin tools
2026-08-08 13:51:19,586 [WARN] IntegrityCheckThread:84 - waiting for thirdparty lock release [integrity check]
2026-08-08 13:51:19,587 [INFO] IntegrityCheckThread:86 - entering critical section [integrity check]
2026-08-08 13:51:19,587 [INFO] ThirdPartyUpdaterWithRetryManager:70 - Updater plugin not ready yet. [1/15]
2026-08-08 13:51:19,590 [INFO] PluginManage:359 - Loaded plugin tools (category:base,tabindex:7)
2026-08-08 13:51:19,590 [INFO] PluginManage:310 - Check plugin tutovideos
2026-08-08 13:51:19,814 [INFO] PluginManage:359 - Loaded plugin tutovideos (category:base,tabindex:-1)
2026-08-08 13:51:19,815 [INFO] PluginManage:310 - Check plugin updater
2026-08-08 13:51:19,844 [INFO] PluginManage:359 - Loaded plugin updater (category:base,tabindex:12)
2026-08-08 13:51:19,845 [INFO] PluginManage:310 - Check plugin userauth
2026-08-08 13:51:19,850 [INFO] UserAuth:118 - Init User Auth plugin
2026-08-08 13:51:19,851 [INFO] PluginManage:359 - Loaded plugin userauth (category:base,tabindex:14)
2026-08-08 13:51:19,851 [INFO] PluginManage:283 - PluginManage : Loaded plugins [18]
2026-08-08 13:51:20,053 [INFO] PinOutPanel:1589 - setPackage(No Configuration,No Configuration)
2026-08-08 13:51:20,129 [INFO] CADModel:165 - CPN selected for project level
2026-08-08 13:51:20,129 [INFO] CADModel:114 - Register for checkConnection events
2026-08-08 13:51:20,138 [INFO] IPUIPlugin:80 - create IPUIPlugin
2026-08-08 13:51:20,138 [INFO] PluginManager:220 - loadIPPluginJar : add mdma
2026-08-08 13:51:20,142 [INFO] IPUIPlugin:80 - create IPUIPlugin
2026-08-08 13:51:20,142 [INFO] PluginManager:220 - loadIPPluginJar : add freertos
2026-08-08 13:51:20,145 [INFO] IPUIPlugin:80 - create IPUIPlugin
2026-08-08 13:51:20,145 [INFO] PluginManager:220 - loadIPPluginJar : add gic
2026-08-08 13:51:20,152 [INFO] IPUIPlugin:80 - create IPUIPlugin
2026-08-08 13:51:20,152 [INFO] PluginManager:220 - loadIPPluginJar : add adc
2026-08-08 13:51:20,153 [INFO] IPUIPlugin:80 - create IPUIPlugin
2026-08-08 13:51:20,153 [INFO] PluginManager:220 - loadIPPluginJar : add gtzc
2026-08-08 13:51:20,154 [INFO] IPUIPlugin:80 - create IPUIPlugin
2026-08-08 13:51:20,154 [INFO] PluginManager:220 - loadIPPluginJar : add quadspi
2026-08-08 13:51:20,155 [INFO] IPUIPlugin:80 - create IPUIPlugin
2026-08-08 13:51:20,155 [INFO] PluginManager:220 - loadIPPluginJar : add aes
2026-08-08 13:51:20,157 [INFO] IPUIPlugin:80 - create IPUIPlugin
2026-08-08 13:51:20,157 [INFO] PluginManager:220 - loadIPPluginJar : add pdm2pcm
2026-08-08 13:51:20,158 [INFO] IPUIPlugin:80 - create IPUIPlugin
2026-08-08 13:51:20,158 [INFO] PluginManager:220 - loadIPPluginJar : add hash
2026-08-08 13:51:20,158 [INFO] IPUIPlugin:80 - create IPUIPlugin
2026-08-08 13:51:20,159 [INFO] PluginManager:220 - loadIPPluginJar : add tim
2026-08-08 13:51:20,160 [INFO] IPUIPlugin:80 - create IPUIPlugin
2026-08-08 13:51:20,160 [INFO] PluginManager:220 - loadIPPluginJar : add tsc
2026-08-08 13:51:20,162 [INFO] IPUIPlugin:80 - create IPUIPlugin
2026-08-08 13:51:20,162 [INFO] PluginManager:220 - loadIPPluginJar : add extmemmanager
2026-08-08 13:51:20,163 [INFO] IPUIPlugin:80 - create IPUIPlugin
2026-08-08 13:51:20,163 [INFO] PluginManager:220 - loadIPPluginJar : add ts
2026-08-08 13:51:20,166 [INFO] IPUIPlugin:80 - create IPUIPlugin
2026-08-08 13:51:20,166 [INFO] PluginManager:220 - loadIPPluginJar : add radio
2026-08-08 13:51:20,168 [INFO] IPUIPlugin:80 - create IPUIPlugin
2026-08-08 13:51:20,168 [INFO] PluginManager:220 - loadIPPluginJar : add can
2026-08-08 13:51:20,171 [INFO] IPUIPlugin:80 - create IPUIPlugin
2026-08-08 13:51:20,171 [INFO] PluginManager:220 - loadIPPluginJar : add dma3
2026-08-08 13:51:20,173 [INFO] IPUIPlugin:80 - create IPUIPlugin
2026-08-08 13:51:20,173 [INFO] PluginManager:220 - loadIPPluginJar : add dfsdm
2026-08-08 13:51:20,175 [INFO] IPUIPlugin:80 - create IPUIPlugin
2026-08-08 13:51:20,175 [INFO] PluginManager:220 - loadIPPluginJar : add spi
2026-08-08 13:51:20,176 [INFO] IPUIPlugin:80 - create IPUIPlugin
2026-08-08 13:51:20,176 [INFO] PluginManager:220 - loadIPPluginJar : add gfxmmu
2026-08-08 13:51:20,177 [INFO] IPUIPlugin:80 - create IPUIPlugin
2026-08-08 13:51:20,177 [INFO] PluginManager:220 - loadIPPluginJar : add genericplugin
2026-08-08 13:51:20,179 [INFO] IPUIPlugin:80 - create IPUIPlugin
2026-08-08 13:51:20,179 [INFO] PluginManager:220 - loadIPPluginJar : add cryp
2026-08-08 13:51:20,181 [INFO] IPUIPlugin:80 - create IPUIPlugin
2026-08-08 13:51:20,181 [INFO] PluginManager:220 - loadIPPluginJar : add gpio
2026-08-08 13:51:20,183 [INFO] IPUIPlugin:80 - create IPUIPlugin
2026-08-08 13:51:20,183 [INFO] PluginManager:220 - loadIPPluginJar : add ddr_ctrl_phy
2026-08-08 13:51:20,184 [INFO] IPUIPlugin:80 - create IPUIPlugin
2026-08-08 13:51:20,184 [INFO] PluginManager:220 - loadIPPluginJar : add comp
2026-08-08 13:51:20,186 [INFO] IPUIPlugin:80 - create IPUIPlugin
2026-08-08 13:51:20,187 [INFO] PluginManager:220 - loadIPPluginJar : add tracer_emb
2026-08-08 13:51:20,188 [INFO] IPUIPlugin:80 - create IPUIPlugin
2026-08-08 13:51:20,188 [INFO] PluginManager:220 - loadIPPluginJar : add openamp
2026-08-08 13:51:20,193 [INFO] IPUIPlugin:80 - create IPUIPlugin
2026-08-08 13:51:20,193 [INFO] PluginManager:220 - loadIPPluginJar : add stm32_wpan
2026-08-08 13:51:20,197 [INFO] IPUIPlugin:80 - create IPUIPlugin
2026-08-08 13:51:20,199 [INFO] PluginManager:220 - loadIPPluginJar : add plateformsettings
2026-08-08 13:51:20,202 [INFO] IPUIPlugin:80 - create IPUIPlugin
2026-08-08 13:51:20,202 [INFO] PluginManager:220 - loadIPPluginJar : add ipddr
2026-08-08 13:51:20,204 [INFO] IPUIPlugin:80 - create IPUIPlugin
2026-08-08 13:51:20,204 [INFO] PluginManager:220 - loadIPPluginJar : add usart
2026-08-08 13:51:20,204 [INFO] IPUIPlugin:80 - create IPUIPlugin
2026-08-08 13:51:20,204 [INFO] PluginManager:220 - loadIPPluginJar : add ltdc
2026-08-08 13:51:20,206 [INFO] IPUIPlugin:80 - create IPUIPlugin
2026-08-08 13:51:20,206 [INFO] PluginManager:220 - loadIPPluginJar : add nvic
2026-08-08 13:51:20,206 [INFO] IPUIPlugin:80 - create IPUIPlugin
2026-08-08 13:51:20,207 [INFO] PluginManager:220 - loadIPPluginJar : add fatfs
2026-08-08 13:51:20,211 [INFO] IPUIPlugin:80 - create IPUIPlugin
2026-08-08 13:51:20,211 [INFO] PluginManager:220 - loadIPPluginJar : add linkedlist
2026-08-08 13:51:20,214 [INFO] IPUIPlugin:80 - create IPUIPlugin
2026-08-08 13:51:20,214 [INFO] PluginManager:220 - loadIPPluginJar : add dma
2026-08-08 13:51:20,216 [INFO] IPUIPlugin:80 - create IPUIPlugin
2026-08-08 13:51:20,216 [INFO] PluginManager:220 - loadIPPluginJar : add fmc
2026-08-08 13:51:20,217 [INFO] IPUIPlugin:80 - create IPUIPlugin
2026-08-08 13:51:20,217 [INFO] PluginManager:220 - loadIPPluginJar : add i2s
2026-08-08 13:51:20,218 [INFO] IPUIPlugin:80 - create IPUIPlugin
2026-08-08 13:51:20,218 [INFO] PluginManager:220 - loadIPPluginJar : add ucpd
2026-08-08 13:51:20,219 [INFO] IPUIPlugin:80 - create IPUIPlugin
2026-08-08 13:51:20,219 [INFO] PluginManager:220 - loadIPPluginJar : add lorawan
2026-08-08 13:51:20,220 [INFO] IPUIPlugin:80 - create IPUIPlugin
2026-08-08 13:51:20,220 [INFO] PluginManager:220 - loadIPPluginJar : add opamp
2026-08-08 13:51:20,221 [INFO] IPUIPlugin:80 - create IPUIPlugin
2026-08-08 13:51:20,221 [INFO] PluginManager:220 - loadIPPluginJar : add i3c
2026-08-08 13:51:20,223 [INFO] IPUIPlugin:80 - create IPUIPlugin
2026-08-08 13:51:20,223 [INFO] PluginManager:220 - loadIPPluginJar : add touchsensing
2026-08-08 13:51:20,225 [INFO] IPUIPlugin:80 - create IPUIPlugin
2026-08-08 13:51:20,225 [INFO] PluginManager:220 - loadIPPluginJar : add i2c
2026-08-08 13:51:20,227 [INFO] IPUIPlugin:80 - create IPUIPlugin
2026-08-08 13:51:20,227 [INFO] PluginManager:220 - loadIPPluginJar : add resmgrutility
2026-08-08 13:51:20,228 [INFO] IPUIPlugin:80 - create IPUIPlugin
2026-08-08 13:51:20,229 [INFO] PluginManager:220 - loadIPPluginJar : add sai
2026-08-08 13:51:20,230 [INFO] IPUIPlugin:80 - create IPUIPlugin
2026-08-08 13:51:20,230 [INFO] PluginManager:220 - loadIPPluginJar : add usbx
2026-08-08 13:51:20,345 [FATAL] Updater:351 - Updater called before beeing initialized
2026-08-08 13:51:20,386 [INFO] RulesReader:64 - Compatibility file has been processed (317 Rules)
2026-08-08 13:51:20,424 [INFO] RulesReader:64 - Compatibility file has been processed (317 Rules)
2026-08-08 13:51:20,449 [INFO] CADModel:165 - CPN selected for project level
2026-08-08 13:51:20,449 [INFO] CADModel:114 - Register for checkConnection events
2026-08-08 13:51:20,457 [FATAL] Updater:351 - Updater called before beeing initialized
2026-08-08 13:51:20,459 [ERROR] CADModel:125 - Updater not yet initialized, retry later 
2026-08-08 13:51:21,022 [FATAL] Updater:351 - Updater called before beeing initialized
2026-08-08 13:51:21,025 [INFO] CADModel:165 - CPN selected for project level
2026-08-08 13:51:21,025 [INFO] CADModel:114 - Register for checkConnection events
2026-08-08 13:51:21,025 [FATAL] Updater:351 - Updater called before beeing initialized
2026-08-08 13:51:21,025 [ERROR] CADModel:125 - Updater not yet initialized, retry later 
2026-08-08 13:51:21,029 [FATAL] Updater:351 - Updater called before beeing initialized
2026-08-08 13:51:21,247 [FATAL] Updater:351 - Updater called before beeing initialized
2026-08-08 13:51:21,253 [INFO] DbMcusAds:53 - JSON generation date=Mon Apr 27 03:14:29 COT 2026 (1777277669577)
2026-08-08 13:51:21,254 [FATAL] Updater:351 - Updater called before beeing initialized
2026-08-08 13:51:21,310 [WARN] DetailPanel:346 - Failed to get advertising image, set to default
2026-08-08 13:51:21,398 [FATAL] Updater:351 - Updater called before beeing initialized
2026-08-08 13:51:21,401 [FATAL] Updater:351 - Updater called before beeing initialized
2026-08-08 13:51:21,401 [FATAL] Updater:351 - Updater called before beeing initialized
2026-08-08 13:51:21,401 [WARN] DetailPanel:346 - Failed to get advertising image, set to default
2026-08-08 13:51:21,403 [FATAL] Updater:351 - Updater called before beeing initialized
2026-08-08 13:51:21,449 [ERROR] Updater:1198 - MainUpdater not yet initialized. External WinMGr cannot be set.
2026-08-08 13:51:21,454 [INFO] Updater:1134 - Updater Version found : 6.15.0
2026-08-08 13:51:21,469 [INFO] ApplicationProperties:184 - Using Application install path: /Applications/STM32CubeIDE.app/Contents/Eclipse/plugins/com.st.stm32cube.common.mx_6.15.0.202507011659
2026-08-08 13:51:21,844 [INFO] MainUpdater:2872 - connection check result : 10
2026-08-08 13:51:21,845 [INFO] MainUpdater:289 - Updater Check For Update Now.
2026-08-08 13:51:21,845 [INFO] MicroXplorer:498 - Change Database Version : DB.6.0.150
2026-08-08 13:51:21,851 [INFO] McuFinderGlobals:63 - Set McuFinder mode to 2 (CubeIDE integrated)
2026-08-08 13:51:21,852 [INFO] UserAuth:487 - Internet connection configuration mode: 1
2026-08-08 13:51:21,868 [INFO] JxBrowserEngine:152 - Initiate JxBrowser Engine with user profile folder
2026-08-08 13:51:22,099 [INFO] CheckServerUpdateThread:120 - End of CheckServer Thread
2026-08-08 13:51:22,763 [WARN] PackLoader:240 - Cannot read IP mode file for STMicroelectronics.FP-SNS-MOTENVWB1.1.4.0
2026-08-08 13:51:22,789 [WARN] PackLoader:240 - Cannot read IP mode file for STMicroelectronics.FP-ATR-ASTRA1.2.0.2
2026-08-08 13:51:22,803 [ERROR] Engine:466 - /Users/usuario/.stm32cubemx/thirdparties/pdsc/STMicroelectronics.X-CUBE-SMBUS.2.1.1.pdsc: PDSC version is not supported
2026-08-08 13:51:22,808 [WARN] PackLoader:240 - Cannot read IP mode file for STMicroelectronics.X-CUBE-SMBUS.2.1.0
2026-08-08 13:51:22,847 [WARN] PackLoader:240 - Cannot read IP mode file for STMicroelectronics.X-CUBE-AZRTOS-F7.1.1.0
2026-08-08 13:51:22,870 [WARN] PackLoader:240 - Cannot read IP mode file for STMicroelectronics.X-CUBE-FREERTOS.1.6.0
2026-08-08 13:51:22,965 [WARN] PackLoader:240 - Cannot read IP mode file for STMicroelectronics.X-CUBE-AZRTOS-H7RS.1.3.0
2026-08-08 13:51:22,998 [WARN] PackLoader:240 - Cannot read IP mode file for STMicroelectronics.X-CUBE-DISPLAY.3.0.0
2026-08-08 13:51:23,036 [WARN] PackLoader:240 - Cannot read IP mode file for STMicroelectronics.X-CUBE-GNSS1.7.1.1
2026-08-08 13:51:23,055 [WARN] PackLoader:240 - Cannot read IP mode file for STMicroelectronics.X-CUBE-NFC10.1.0.0
2026-08-08 13:51:23,063 [ERROR] Engine:466 - /Users/usuario/.stm32cubemx/thirdparties/pdsc/STMicroelectronics.X-CUBE-WBA.1.1.0.pdsc: PDSC version is not supported
2026-08-08 13:51:23,077 [WARN] PackLoader:240 - Cannot read IP mode file for STMicroelectronics.X-CUBE-GNSS1.7.1.0
2026-08-08 13:51:23,092 [WARN] PackLoader:240 - Cannot read IP mode file for STMicroelectronics.FP-SNS-SMARTAG2.1.2.0
2026-08-08 13:51:23,098 [WARN] PackLoader:240 - Cannot read IP mode file for STMicroelectronics.FP-SNS-FLIGHT1.5.1.0
2026-08-08 13:51:23,113 [INFO] LogOutputStream:77 - [STDOUT_REDIRECT] 1 : Invalid condition id : UX_CORESTACK_Condition cause : null
2026-08-08 13:51:23,115 [INFO] LogOutputStream:77 - [STDOUT_REDIRECT] 1 : Invalid condition id : UX_CORESTACK_Condition cause : null
2026-08-08 13:51:23,115 [INFO] LogOutputStream:77 - [STDOUT_REDIRECT] 1 : Invalid condition id : UX_CORESTACK_Condition cause : null
2026-08-08 13:51:23,115 [INFO] LogOutputStream:77 - [STDOUT_REDIRECT] 1 : Invalid condition id : UX_CORESTACK_Condition cause : null
2026-08-08 13:51:23,116 [INFO] LogOutputStream:77 - [STDOUT_REDIRECT] 1 : Invalid condition id : UX_CORESTACK_Condition cause : null
2026-08-08 13:51:23,129 [WARN] PackLoader:240 - Cannot read IP mode file for STMicroelectronics.X-CUBE-AZRTOS-WL.2.0.0
2026-08-08 13:51:23,179 [WARN] PackLoader:240 - Cannot read IP mode file for STMicroelectronics.X-CUBE-AZRTOS-H7RS.1.2.0
2026-08-08 13:51:23,199 [WARN] PackLoader:240 - Cannot read IP mode file for STMicroelectronics.X-CUBE-BLE2.3.3.0
2026-08-08 13:51:23,251 [WARN] PackLoader:240 - Cannot read IP mode file for STMicroelectronics.X-CUBE-NFC9.1.0.0
2026-08-08 13:51:23,266 [WARN] PackLoader:240 - Cannot read IP mode file for STMicroelectronics.X-CUBE-BLE1.7.1.0
2026-08-08 13:51:23,282 [WARN] PackLoader:240 - Cannot read IP mode file for STMicroelectronics.X-CUBE-FREERTOS.1.4.0
2026-08-08 13:51:23,298 [WARN] PackLoader:240 - Cannot read IP mode file for STMicroelectronics.FP-SNS-STAIOTCFT.1.1.0
2026-08-08 13:51:23,406 [WARN] PackLoader:240 - Cannot read IP mode file for STMicroelectronics.X-CUBE-MEMS1.12.0.0
2026-08-08 13:51:23,951 [WARN] PackLoader:240 - Cannot read IP mode file for STMicroelectronics.X-CUBE-AZRTOS-G0.1.1.0
2026-08-08 13:51:24,020 [WARN] PackLoader:240 - Cannot read IP mode file for STMicroelectronics.X-CUBE-NFC4.3.0.0
2026-08-08 13:51:24,076 [WARN] PackLoader:240 - Cannot read IP mode file for EmbeddedOffice.I-CUBE-FS-RTOS.1.0.1
2026-08-08 13:51:24,108 [WARN] PackLoader:240 - Cannot read IP mode file for STMicroelectronics.X-CUBE-WB05N.2.0.0
2026-08-08 13:51:24,130 [WARN] PackLoader:240 - Cannot read IP mode file for STMicroelectronics.X-CUBE-TCPP.4.2.0
2026-08-08 13:51:24,145 [WARN] PackLoader:240 - Cannot read IP mode file for RealThread.X-CUBE-RT-Thread_Nano.4.1.1
2026-08-08 13:51:24,151 [WARN] PackLoader:240 - Cannot read IP mode file for STMicroelectronics.FP-ATR-SIGFOX1.3.2.0
2026-08-08 13:51:24,159 [WARN] PackLoader:240 - Cannot read IP mode file for STMicroelectronics.X-CUBE-FREERTOS.1.5.0
2026-08-08 13:51:24,192 [WARN] PackLoader:240 - Cannot read IP mode file for STMicroelectronics.X-CUBE-AI.10.2.1
2026-08-08 13:51:24,323 [WARN] PackLoader:240 - Cannot read IP mode file for STMicroelectronics.X-CUBE-MEMS1.12.1.0
2026-08-08 13:51:24,570 [WARN] PackLoader:240 - Cannot read IP mode file for SEGGER.I-CUBE-embOS.1.3.1
2026-08-08 13:51:24,625 [WARN] PackLoader:240 - Cannot read IP mode file for STMicroelectronics.X-CUBE-ALGOBUILD.1.4.0
2026-08-08 13:51:24,637 [WARN] PackLoader:240 - Cannot read IP mode file for STMicroelectronics.X-CUBE-NFC13.1.0.0
2026-08-08 13:51:24,653 [WARN] PackLoader:240 - Cannot read IP mode file for STMicroelectronics.X-CUBE-PM33A1.1.0.0
2026-08-08 13:51:24,683 [WARN] PackLoader:240 - Cannot read IP mode file for STMicroelectronics.X-CUBE-AZRTOS-F4.1.1.0
2026-08-08 13:51:24,699 [WARN] PackLoader:240 - Cannot read IP mode file for STMicroelectronics.X-CUBE-ISPU.2.1.0
2026-08-08 13:51:24,733 [WARN] PackLoader:240 - Cannot read IP mode file for STMicroelectronics.X-CUBE-AZRTOS-L5.2.0.0
2026-08-08 13:51:24,756 [WARN] PackLoader:240 - Cannot read IP mode file for STMicroelectronics.X-CUBE-ALGOBUILD.1.5.0
2026-08-08 13:51:24,768 [ERROR] Engine:466 - /Users/usuario/.stm32cubemx/thirdparties/pdsc/STMicroelectronics.X-CUBE-ST67W61.1.3.0.pdsc: PDSC version is not supported
2026-08-08 13:51:24,789 [WARN] PackLoader:240 - Cannot read IP mode file for STMicroelectronics.FP-SNS-STAIOTCFT.1.0.0
2026-08-08 13:51:24,823 [WARN] PackLoader:240 - Cannot read IP mode file for STMicroelectronics.X-CUBE-DPower.1.3.0
2026-08-08 13:51:24,890 [WARN] ConditionMgr:438 - getConditionDescription Invalid condition id : LAN8742 Phy interface Condition cause : null
2026-08-08 13:51:24,893 [WARN] PackLoader:240 - Cannot read IP mode file for STMicroelectronics.X-CUBE-AZRTOS-L4.2.0.0
2026-08-08 13:51:24,899 [WARN] ConditionMgr:1044 - genDependencies : Invalid condition id : LAN8742 Phy interface Condition cause : null
2026-08-08 13:51:24,900 [WARN] ConditionMgr:1044 - genDependencies : Invalid condition id : LAN8742 Phy interface Condition cause : null
2026-08-08 13:51:24,902 [WARN] ConditionMgr:1044 - genDependencies : Invalid condition id : LAN8742 Phy interface Condition cause : null
2026-08-08 13:51:24,922 [WARN] PackLoader:240 - Cannot read IP mode file for STMicroelectronics.X-CUBE-SFXS2LP1.4.0.0
2026-08-08 13:51:24,943 [WARN] PackLoader:240 - Cannot read IP mode file for STMicroelectronics.X-CUBE-BLEMGR.4.1.0
2026-08-08 13:51:24,976 [WARN] ConditionMgr:438 - getConditionDescription Invalid condition id : UX DEVICE CLASS RTOS Condition cause : null
2026-08-08 13:51:24,977 [WARN] ConditionMgr:438 - getConditionDescription Invalid condition id : UX DEVICE CLASS RTOS Condition cause : null
2026-08-08 13:51:24,982 [WARN] PackLoader:240 - Cannot read IP mode file for STMicroelectronics.X-CUBE-AZRTOS-WB.2.0.0
2026-08-08 13:51:24,984 [WARN] ConditionMgr:1044 - genDependencies : Invalid condition id : UX DEVICE CLASS RTOS Condition cause : null
2026-08-08 13:51:24,985 [WARN] ConditionMgr:1044 - genDependencies : Invalid condition id : UX DEVICE CLASS RTOS Condition cause : null
2026-08-08 13:51:24,986 [WARN] ConditionMgr:1044 - genDependencies : Invalid condition id : UX DEVICE CLASS RTOS Condition cause : null
2026-08-08 13:51:24,986 [WARN] ConditionMgr:1044 - genDependencies : Invalid condition id : UX DEVICE CLASS RTOS Condition cause : null
2026-08-08 13:51:24,987 [WARN] ConditionMgr:1044 - genDependencies : Invalid condition id : UX DEVICE CLASS RTOS Condition cause : null
2026-08-08 13:51:24,999 [WARN] PackLoader:240 - Cannot read IP mode file for STMicroelectronics.X-CUBE-SUBG2.5.0.0
2026-08-08 13:51:25,030 [WARN] PackLoader:240 - Cannot read IP mode file for STMicroelectronics.X-CUBE-AZRTOS-G4.2.0.0
2026-08-08 13:51:25,041 [WARN] PackLoader:240 - Cannot read IP mode file for STMicroelectronics.X-CUBE-NFC7.2.0.0
2026-08-08 13:51:25,051 [ERROR] Engine:466 - /Users/usuario/.stm32cubemx/thirdparties/pdsc/STMicroelectronics.X-CUBE-BLEMGR.4.2.0.pdsc: PDSC version is not supported
2026-08-08 13:51:25,058 [WARN] PackLoader:240 - Cannot read IP mode file for STMicroelectronics.X-CUBE-ALS.1.0.2
2026-08-08 13:51:25,074 [WARN] PackLoader:240 - Cannot read IP mode file for STMicroelectronics.X-CUBE-TOF1.3.4.3
2026-08-08 13:51:25,115 [INFO] ThirdParty:978 - Integrity check success = true
2026-08-08 13:51:25,115 [INFO] IntegrityCheckThread:100 - exiting critical section [integrity check]
2026-08-08 13:51:25,116 [INFO] IntegrityCheckThread:103 - End integrity checks thread
2026-08-08 13:51:29,603 [INFO] WebApp:169 - Instantiating new browser for Auth
2026-08-08 13:51:32,856 [INFO] WebApp:463 - Apply proxy settings
2026-08-08 13:51:32,907 [INFO] WebApp:508 - Chromium authenticates against Manually configured proxy
2026-08-08 13:51:32,932 [INFO] WebApp:516 - Username used for proxy authentication: 
2026-08-08 13:51:32,995 [INFO] WebApp:900 - Register for checkConnection events
2026-08-08 13:51:32,996 [INFO] WebApp:463 - Apply proxy settings
2026-08-08 13:51:33,003 [INFO] WebApp:508 - Chromium authenticates against Manually configured proxy
2026-08-08 13:51:33,004 [INFO] WebApp:516 - Username used for proxy authentication: 
2026-08-08 13:51:33,227 [INFO] WebApp:225 - Starting web application
2026-08-08 13:51:33,228 [INFO] WebApp:593 - Web application path used /Applications/STM32CubeIDE.app/Contents/Eclipse/plugins/com.st.stm32cube.common.mx_6.15.0.202507011659/db/plugins/mcufinder/reactClient1/index.html
2026-08-08 13:51:33,965 [INFO] WebApp:191 - Connection restablished
2026-08-08 13:51:33,986 [INFO] UserAuth:487 - Internet connection configuration mode: 1
2026-08-08 13:59:22,529 [ERROR] LogOutputStream:75 - [STDERR_REDIRECT] 
2026-08-08 13:59:48,656 [INFO] Activator:176 - 


2026-08-08 13:59:48,658 [INFO] Activator:177 - !SESSION log4j initialized
2026-08-08 13:59:52,708 [INFO] LogOutputStream:77 - [STDOUT_REDIRECT] 
2026-08-08 13:59:53,857 [ERROR] LogOutputStream:75 - [STDERR_REDIRECT] 
2026-08-08 13:59:56,436 [INFO] LogOutputStream:77 - [STDOUT_REDIRECT] 
2026-08-08 13:59:57,315 [INFO] ApplicationProperties:184 - Using Application install path: /Applications/STM32CubeIDE.app/Contents/Eclipse/plugins/com.st.stm32cube.common.mx_6.15.0.202507011659
2026-08-08 13:59:57,328 [INFO] DbMcusXml:78 - Set database path to: /Applications/STM32CubeIDE.app/Contents/Eclipse/plugins/com.st.stm32cube.common.mx_6.15.0.202507011659//db//mcu/
2026-08-08 13:59:57,329 [INFO] ApiDb:274 - Set plugin database path to: /Applications/STM32CubeIDE.app/Contents/Eclipse/plugins/com.st.stm32cube.common.mx_6.15.0.202507011659//db//plugins/boardmanager/
2026-08-08 13:59:57,330 [WARN] ApiDb:259 - Overriding images path with different value:  => /Applications/STM32CubeIDE.app/Contents/Eclipse/plugins/com.st.stm32cube.common.mx_6.15.0.202507011659//db//plugins/mcufinder/images/
2026-08-08 13:59:57,336 [INFO] ApiDb:250 - Set database path to: /Users/usuario/.stmcufinder/plugins/mcufinder//mcu/
2026-08-08 13:59:57,336 [INFO] DbMcusAds:125 - Set database path to: /Users/usuario/.stmcufinder/plugins/mcufinder//mcu/
2026-08-08 13:59:57,338 [INFO] CrossReferenceDbSqlite:203 - Set database path to: /Users/usuario/.stmcufinder/plugins/mcufinder//mcu/cs/
2026-08-08 13:59:57,470 [INFO] RulesReader:64 - Compatibility file has been processed (317 Rules)
2026-08-08 13:59:57,519 [INFO] DbMcusXml:78 - Set database path to: /Applications/STM32CubeIDE.app/Contents/Eclipse/plugins/com.st.stm32cube.common.mx_6.15.0.202507011659//db//mcu/
2026-08-08 13:59:57,519 [INFO] ApiDb:274 - Set plugin database path to: /Applications/STM32CubeIDE.app/Contents/Eclipse/plugins/com.st.stm32cube.common.mx_6.15.0.202507011659//db//plugins/boardmanager/
2026-08-08 13:59:57,519 [INFO] ApiDb:261 - Set plugin images path to: /Applications/STM32CubeIDE.app/Contents/Eclipse/plugins/com.st.stm32cube.common.mx_6.15.0.202507011659//db//plugins/mcufinder/images/
2026-08-08 13:59:57,520 [WARN] DbFile:41 - Overriding database path with different value: /Users/usuario/.stmcufinder/plugins/mcufinder/ => /Users/usuario/.stmcufinder/plugins/mcufinder
2026-08-08 13:59:57,520 [INFO] ApiDb:250 - Set database path to: /Users/usuario/.stmcufinder/plugins/mcufinder//mcu/
2026-08-08 13:59:57,520 [WARN] DbFile:41 - Overriding database path with different value: /Users/usuario/.stmcufinder/plugins/mcufinder/ => /Users/usuario/.stmcufinder/plugins/mcufinder
2026-08-08 13:59:57,520 [INFO] DbMcusAds:125 - Set database path to: /Users/usuario/.stmcufinder/plugins/mcufinder//mcu/
2026-08-08 13:59:57,520 [WARN] DbFile:41 - Overriding database path with different value: /Users/usuario/.stmcufinder/plugins/mcufinder/ => /Users/usuario/.stmcufinder/plugins/mcufinder
2026-08-08 13:59:57,520 [WARN] DbFile:41 - Overriding database path with different value: /Users/usuario/.stmcufinder/plugins/mcufinder/ => /Users/usuario/.stmcufinder/plugins/mcufinder
2026-08-08 13:59:57,521 [INFO] CrossReferenceDbSqlite:203 - Set database path to: /Users/usuario/.stmcufinder/plugins/mcufinder//mcu/cs/
2026-08-08 13:59:57,588 [INFO] MainPanel:274 - HeapMemory: 268435456
2026-08-08 13:59:58,718 [INFO] DbMcusXml:78 - Set database path to: /Applications/STM32CubeIDE.app/Contents/Eclipse/plugins/com.st.stm32cube.common.mx_6.15.0.202507011659//db//mcu/
2026-08-08 13:59:58,718 [INFO] ApiDb:274 - Set plugin database path to: /Applications/STM32CubeIDE.app/Contents/Eclipse/plugins/com.st.stm32cube.common.mx_6.15.0.202507011659//db//plugins/boardmanager/
2026-08-08 13:59:58,718 [INFO] ApiDb:261 - Set plugin images path to: /Applications/STM32CubeIDE.app/Contents/Eclipse/plugins/com.st.stm32cube.common.mx_6.15.0.202507011659//db//plugins/mcufinder/images/
2026-08-08 13:59:58,719 [WARN] DbFile:41 - Overriding database path with different value: /Users/usuario/.stmcufinder/plugins/mcufinder/ => /Users/usuario/.stmcufinder/plugins/mcufinder
2026-08-08 13:59:58,719 [INFO] ApiDb:250 - Set database path to: /Users/usuario/.stmcufinder/plugins/mcufinder//mcu/
2026-08-08 13:59:58,719 [WARN] DbFile:41 - Overriding database path with different value: /Users/usuario/.stmcufinder/plugins/mcufinder/ => /Users/usuario/.stmcufinder/plugins/mcufinder
2026-08-08 13:59:58,719 [INFO] DbMcusAds:125 - Set database path to: /Users/usuario/.stmcufinder/plugins/mcufinder//mcu/
2026-08-08 13:59:58,719 [WARN] DbFile:41 - Overriding database path with different value: /Users/usuario/.stmcufinder/plugins/mcufinder/ => /Users/usuario/.stmcufinder/plugins/mcufinder
2026-08-08 13:59:58,719 [WARN] DbFile:41 - Overriding database path with different value: /Users/usuario/.stmcufinder/plugins/mcufinder/ => /Users/usuario/.stmcufinder/plugins/mcufinder
2026-08-08 13:59:58,719 [INFO] CrossReferenceDbSqlite:203 - Set database path to: /Users/usuario/.stmcufinder/plugins/mcufinder//mcu/cs/
2026-08-08 13:59:58,735 [INFO] ApplicationProperties:184 - Using Application install path: /Applications/STM32CubeIDE.app/Contents/Eclipse/plugins/com.st.stm32cube.common.mx_6.15.0.202507011659
2026-08-08 13:59:58,736 [INFO] PluginManage:196 - Search for loadable plugins [exclusion list=, ]
2026-08-08 13:59:58,738 [INFO] PluginManage:310 - Check plugin analytics
2026-08-08 13:59:58,961 [INFO] AnalyticsPlugin:253 - Accepted Software Licenses: 
2026-08-08 13:59:58,961 [INFO] AnalyticsPlugin:255 - Accepted CMSIS Pack Licenses: 
2026-08-08 13:59:58,961 [INFO] AnalyticsPlugin:257 - Accepted Firmware Licenses: FW.F4.1.28.0
2026-08-08 13:59:58,965 [INFO] PluginManage:359 - Loaded plugin analytics (category:tool,tabindex:-1)
2026-08-08 13:59:58,968 [INFO] PluginManage:310 - Check plugin cadmodel
2026-08-08 13:59:58,984 [INFO] CADModel:105 - Init CAD model plugin
2026-08-08 13:59:58,984 [INFO] PluginManage:359 - Loaded plugin cadmodel (category:power,tabindex:5)
2026-08-08 13:59:58,985 [INFO] PluginManage:310 - Check plugin clock
2026-08-08 13:59:58,994 [INFO] PluginManage:359 - Loaded plugin clock (category:base,tabindex:2)
2026-08-08 13:59:58,994 [INFO] PluginManage:310 - Check plugin ddr
2026-08-08 13:59:58,997 [INFO] PluginManage:359 - Loaded plugin ddr (category:tool,tabindex:6)
2026-08-08 13:59:58,997 [INFO] PluginManage:310 - Check plugin filemanager
2026-08-08 13:59:59,156 [INFO] PluginManage:359 - Loaded plugin filemanager (category:base,tabindex:10)
2026-08-08 13:59:59,156 [INFO] PluginManage:310 - Check plugin ipmanager
2026-08-08 13:59:59,165 [INFO] PluginManage:359 - Loaded plugin ipmanager (category:base,tabindex:5)
2026-08-08 13:59:59,165 [INFO] PluginManage:310 - Check plugin lpbam
2026-08-08 13:59:59,172 [INFO] PluginManage:359 - Loaded plugin lpbam (category:base,tabindex:0)
2026-08-08 13:59:59,173 [INFO] PluginManage:310 - Check plugin memorymap
2026-08-08 13:59:59,181 [INFO] PluginManage:359 - Loaded plugin memorymap (category:base,tabindex:4)
2026-08-08 13:59:59,181 [INFO] PluginManage:310 - Check plugin pinoutandconfiguration
2026-08-08 13:59:59,188 [INFO] PluginManage:359 - Loaded plugin pinoutandconfiguration (category:base,tabindex:1)
2026-08-08 13:59:59,188 [INFO] PluginManage:310 - Check plugin pinoutconfig
2026-08-08 13:59:59,273 [WARN] SupportedApi:132 - Cannot load RTOS API schema: s4s-elt-must-match.1: The content of 'definitions' must match (annotation?, (simpleType | complexType)?, (unique | key | keyref)*)). A problem was found starting at: attribute.
2026-08-08 13:59:59,414 [INFO] PluginManage:359 - Loaded plugin pinoutconfig (category:base,tabindex:0)
2026-08-08 13:59:59,414 [INFO] PluginManage:310 - Check plugin power
2026-08-08 13:59:59,426 [INFO] PluginManage:359 - Loaded plugin power (category:power,tabindex:4)
2026-08-08 13:59:59,426 [INFO] PluginManage:310 - Check plugin projectmanager
2026-08-08 13:59:59,451 [INFO] PluginManage:359 - Loaded plugin projectmanager (category:projectmanager,tabindex:4)
2026-08-08 13:59:59,451 [INFO] PluginManage:310 - Check plugin rif
2026-08-08 13:59:59,459 [INFO] PluginManage:359 - Loaded plugin rif (category:base,tabindex:3)
2026-08-08 13:59:59,459 [INFO] PluginManage:310 - Check plugin thirdparty
2026-08-08 13:59:59,660 [INFO] PluginManage:359 - Loaded plugin thirdparty (category:base,tabindex:-1)
2026-08-08 13:59:59,660 [WARN] IntegrityCheckThread:84 - waiting for thirdparty lock release [integrity check]
2026-08-08 13:59:59,661 [INFO] PluginManage:310 - Check plugin tools
2026-08-08 13:59:59,661 [INFO] IntegrityCheckThread:86 - entering critical section [integrity check]
2026-08-08 13:59:59,661 [INFO] ThirdPartyUpdaterWithRetryManager:70 - Updater plugin not ready yet. [1/15]
2026-08-08 13:59:59,663 [INFO] PluginManage:359 - Loaded plugin tools (category:base,tabindex:7)
2026-08-08 13:59:59,664 [INFO] PluginManage:310 - Check plugin tutovideos
2026-08-08 13:59:59,836 [INFO] PluginManage:359 - Loaded plugin tutovideos (category:base,tabindex:-1)
2026-08-08 13:59:59,837 [INFO] PluginManage:310 - Check plugin updater
2026-08-08 13:59:59,866 [INFO] PluginManage:359 - Loaded plugin updater (category:base,tabindex:12)
2026-08-08 13:59:59,866 [INFO] PluginManage:310 - Check plugin userauth
2026-08-08 13:59:59,870 [INFO] UserAuth:118 - Init User Auth plugin
2026-08-08 13:59:59,871 [INFO] PluginManage:359 - Loaded plugin userauth (category:base,tabindex:14)
2026-08-08 13:59:59,872 [INFO] PluginManage:283 - PluginManage : Loaded plugins [18]
2026-08-08 14:00:00,079 [INFO] PinOutPanel:1589 - setPackage(No Configuration,No Configuration)
2026-08-08 14:00:00,165 [INFO] CADModel:165 - CPN selected for project level
2026-08-08 14:00:00,165 [INFO] CADModel:114 - Register for checkConnection events
2026-08-08 14:00:00,178 [INFO] IPUIPlugin:80 - create IPUIPlugin
2026-08-08 14:00:00,179 [INFO] PluginManager:220 - loadIPPluginJar : add mdma
2026-08-08 14:00:00,184 [INFO] IPUIPlugin:80 - create IPUIPlugin
2026-08-08 14:00:00,184 [INFO] PluginManager:220 - loadIPPluginJar : add freertos
2026-08-08 14:00:00,187 [INFO] IPUIPlugin:80 - create IPUIPlugin
2026-08-08 14:00:00,187 [INFO] PluginManager:220 - loadIPPluginJar : add gic
2026-08-08 14:00:00,193 [INFO] IPUIPlugin:80 - create IPUIPlugin
2026-08-08 14:00:00,194 [INFO] PluginManager:220 - loadIPPluginJar : add adc
2026-08-08 14:00:00,195 [INFO] IPUIPlugin:80 - create IPUIPlugin
2026-08-08 14:00:00,195 [INFO] PluginManager:220 - loadIPPluginJar : add gtzc
2026-08-08 14:00:00,196 [INFO] IPUIPlugin:80 - create IPUIPlugin
2026-08-08 14:00:00,196 [INFO] PluginManager:220 - loadIPPluginJar : add quadspi
2026-08-08 14:00:00,198 [INFO] IPUIPlugin:80 - create IPUIPlugin
2026-08-08 14:00:00,198 [INFO] PluginManager:220 - loadIPPluginJar : add aes
2026-08-08 14:00:00,200 [INFO] IPUIPlugin:80 - create IPUIPlugin
2026-08-08 14:00:00,200 [INFO] PluginManager:220 - loadIPPluginJar : add pdm2pcm
2026-08-08 14:00:00,203 [INFO] IPUIPlugin:80 - create IPUIPlugin
2026-08-08 14:00:00,203 [INFO] PluginManager:220 - loadIPPluginJar : add hash
2026-08-08 14:00:00,205 [INFO] IPUIPlugin:80 - create IPUIPlugin
2026-08-08 14:00:00,205 [INFO] PluginManager:220 - loadIPPluginJar : add tim
2026-08-08 14:00:00,206 [INFO] IPUIPlugin:80 - create IPUIPlugin
2026-08-08 14:00:00,206 [INFO] PluginManager:220 - loadIPPluginJar : add tsc
2026-08-08 14:00:00,208 [INFO] IPUIPlugin:80 - create IPUIPlugin
2026-08-08 14:00:00,208 [INFO] PluginManager:220 - loadIPPluginJar : add extmemmanager
2026-08-08 14:00:00,209 [INFO] IPUIPlugin:80 - create IPUIPlugin
2026-08-08 14:00:00,209 [INFO] PluginManager:220 - loadIPPluginJar : add ts
2026-08-08 14:00:00,210 [INFO] IPUIPlugin:80 - create IPUIPlugin
2026-08-08 14:00:00,211 [INFO] PluginManager:220 - loadIPPluginJar : add radio
2026-08-08 14:00:00,212 [INFO] IPUIPlugin:80 - create IPUIPlugin
2026-08-08 14:00:00,212 [INFO] PluginManager:220 - loadIPPluginJar : add can
2026-08-08 14:00:00,214 [INFO] IPUIPlugin:80 - create IPUIPlugin
2026-08-08 14:00:00,214 [INFO] PluginManager:220 - loadIPPluginJar : add dma3
2026-08-08 14:00:00,216 [INFO] IPUIPlugin:80 - create IPUIPlugin
2026-08-08 14:00:00,216 [INFO] PluginManager:220 - loadIPPluginJar : add dfsdm
2026-08-08 14:00:00,217 [INFO] IPUIPlugin:80 - create IPUIPlugin
2026-08-08 14:00:00,217 [INFO] PluginManager:220 - loadIPPluginJar : add spi
2026-08-08 14:00:00,219 [INFO] IPUIPlugin:80 - create IPUIPlugin
2026-08-08 14:00:00,219 [INFO] PluginManager:220 - loadIPPluginJar : add gfxmmu
2026-08-08 14:00:00,220 [INFO] IPUIPlugin:80 - create IPUIPlugin
2026-08-08 14:00:00,220 [INFO] PluginManager:220 - loadIPPluginJar : add genericplugin
2026-08-08 14:00:00,221 [INFO] IPUIPlugin:80 - create IPUIPlugin
2026-08-08 14:00:00,222 [INFO] PluginManager:220 - loadIPPluginJar : add cryp
2026-08-08 14:00:00,225 [INFO] IPUIPlugin:80 - create IPUIPlugin
2026-08-08 14:00:00,225 [INFO] PluginManager:220 - loadIPPluginJar : add gpio
2026-08-08 14:00:00,227 [INFO] IPUIPlugin:80 - create IPUIPlugin
2026-08-08 14:00:00,227 [INFO] PluginManager:220 - loadIPPluginJar : add ddr_ctrl_phy
2026-08-08 14:00:00,229 [INFO] IPUIPlugin:80 - create IPUIPlugin
2026-08-08 14:00:00,229 [INFO] PluginManager:220 - loadIPPluginJar : add comp
2026-08-08 14:00:00,231 [INFO] IPUIPlugin:80 - create IPUIPlugin
2026-08-08 14:00:00,232 [INFO] PluginManager:220 - loadIPPluginJar : add tracer_emb
2026-08-08 14:00:00,233 [INFO] IPUIPlugin:80 - create IPUIPlugin
2026-08-08 14:00:00,233 [INFO] PluginManager:220 - loadIPPluginJar : add openamp
2026-08-08 14:00:00,237 [INFO] IPUIPlugin:80 - create IPUIPlugin
2026-08-08 14:00:00,238 [INFO] PluginManager:220 - loadIPPluginJar : add stm32_wpan
2026-08-08 14:00:00,241 [INFO] IPUIPlugin:80 - create IPUIPlugin
2026-08-08 14:00:00,243 [INFO] PluginManager:220 - loadIPPluginJar : add plateformsettings
2026-08-08 14:00:00,246 [INFO] IPUIPlugin:80 - create IPUIPlugin
2026-08-08 14:00:00,247 [INFO] PluginManager:220 - loadIPPluginJar : add ipddr
2026-08-08 14:00:00,248 [INFO] IPUIPlugin:80 - create IPUIPlugin
2026-08-08 14:00:00,248 [INFO] PluginManager:220 - loadIPPluginJar : add usart
2026-08-08 14:00:00,249 [INFO] IPUIPlugin:80 - create IPUIPlugin
2026-08-08 14:00:00,249 [INFO] PluginManager:220 - loadIPPluginJar : add ltdc
2026-08-08 14:00:00,250 [INFO] IPUIPlugin:80 - create IPUIPlugin
2026-08-08 14:00:00,251 [INFO] PluginManager:220 - loadIPPluginJar : add nvic
2026-08-08 14:00:00,251 [INFO] IPUIPlugin:80 - create IPUIPlugin
2026-08-08 14:00:00,251 [INFO] PluginManager:220 - loadIPPluginJar : add fatfs
2026-08-08 14:00:00,257 [INFO] IPUIPlugin:80 - create IPUIPlugin
2026-08-08 14:00:00,257 [INFO] PluginManager:220 - loadIPPluginJar : add linkedlist
2026-08-08 14:00:00,260 [INFO] IPUIPlugin:80 - create IPUIPlugin
2026-08-08 14:00:00,261 [INFO] PluginManager:220 - loadIPPluginJar : add dma
2026-08-08 14:00:00,263 [INFO] IPUIPlugin:80 - create IPUIPlugin
2026-08-08 14:00:00,263 [INFO] PluginManager:220 - loadIPPluginJar : add fmc
2026-08-08 14:00:00,264 [INFO] IPUIPlugin:80 - create IPUIPlugin
2026-08-08 14:00:00,264 [INFO] PluginManager:220 - loadIPPluginJar : add i2s
2026-08-08 14:00:00,265 [INFO] IPUIPlugin:80 - create IPUIPlugin
2026-08-08 14:00:00,265 [INFO] PluginManager:220 - loadIPPluginJar : add ucpd
2026-08-08 14:00:00,267 [INFO] IPUIPlugin:80 - create IPUIPlugin
2026-08-08 14:00:00,267 [INFO] PluginManager:220 - loadIPPluginJar : add lorawan
2026-08-08 14:00:00,268 [INFO] IPUIPlugin:80 - create IPUIPlugin
2026-08-08 14:00:00,269 [INFO] PluginManager:220 - loadIPPluginJar : add opamp
2026-08-08 14:00:00,270 [INFO] IPUIPlugin:80 - create IPUIPlugin
2026-08-08 14:00:00,270 [INFO] PluginManager:220 - loadIPPluginJar : add i3c
2026-08-08 14:00:00,272 [INFO] IPUIPlugin:80 - create IPUIPlugin
2026-08-08 14:00:00,272 [INFO] PluginManager:220 - loadIPPluginJar : add touchsensing
2026-08-08 14:00:00,274 [INFO] IPUIPlugin:80 - create IPUIPlugin
2026-08-08 14:00:00,274 [INFO] PluginManager:220 - loadIPPluginJar : add i2c
2026-08-08 14:00:00,277 [INFO] IPUIPlugin:80 - create IPUIPlugin
2026-08-08 14:00:00,277 [INFO] PluginManager:220 - loadIPPluginJar : add resmgrutility
2026-08-08 14:00:00,278 [INFO] IPUIPlugin:80 - create IPUIPlugin
2026-08-08 14:00:00,279 [INFO] PluginManager:220 - loadIPPluginJar : add sai
2026-08-08 14:00:00,281 [INFO] IPUIPlugin:80 - create IPUIPlugin
2026-08-08 14:00:00,281 [INFO] PluginManager:220 - loadIPPluginJar : add usbx
2026-08-08 14:00:00,402 [FATAL] Updater:351 - Updater called before beeing initialized
2026-08-08 14:00:00,466 [INFO] RulesReader:64 - Compatibility file has been processed (317 Rules)
2026-08-08 14:00:00,478 [INFO] RulesReader:64 - Compatibility file has been processed (317 Rules)
2026-08-08 14:00:00,486 [INFO] CADModel:165 - CPN selected for project level
2026-08-08 14:00:00,486 [INFO] CADModel:114 - Register for checkConnection events
2026-08-08 14:00:00,486 [FATAL] Updater:351 - Updater called before beeing initialized
2026-08-08 14:00:00,486 [ERROR] CADModel:125 - Updater not yet initialized, retry later 
2026-08-08 14:00:00,830 [FATAL] Updater:351 - Updater called before beeing initialized
2026-08-08 14:00:00,831 [INFO] CADModel:165 - CPN selected for project level
2026-08-08 14:00:00,831 [INFO] CADModel:114 - Register for checkConnection events
2026-08-08 14:00:00,831 [FATAL] Updater:351 - Updater called before beeing initialized
2026-08-08 14:00:00,831 [ERROR] CADModel:125 - Updater not yet initialized, retry later 
2026-08-08 14:00:00,834 [FATAL] Updater:351 - Updater called before beeing initialized
2026-08-08 14:00:00,990 [FATAL] Updater:351 - Updater called before beeing initialized
2026-08-08 14:00:01,028 [INFO] DbMcusAds:53 - JSON generation date=Mon Apr 27 03:14:29 COT 2026 (1777277669577)
2026-08-08 14:00:01,029 [FATAL] Updater:351 - Updater called before beeing initialized
2026-08-08 14:00:01,082 [WARN] DetailPanel:346 - Failed to get advertising image, set to default
2026-08-08 14:00:01,160 [FATAL] Updater:351 - Updater called before beeing initialized
2026-08-08 14:00:01,163 [FATAL] Updater:351 - Updater called before beeing initialized
2026-08-08 14:00:01,164 [FATAL] Updater:351 - Updater called before beeing initialized
2026-08-08 14:00:01,164 [WARN] DetailPanel:346 - Failed to get advertising image, set to default
2026-08-08 14:00:01,168 [FATAL] Updater:351 - Updater called before beeing initialized
2026-08-08 14:00:01,222 [ERROR] Updater:1198 - MainUpdater not yet initialized. External WinMGr cannot be set.
2026-08-08 14:00:01,227 [INFO] Updater:1134 - Updater Version found : 6.15.0
2026-08-08 14:00:01,242 [INFO] ApplicationProperties:184 - Using Application install path: /Applications/STM32CubeIDE.app/Contents/Eclipse/plugins/com.st.stm32cube.common.mx_6.15.0.202507011659
2026-08-08 14:00:01,644 [INFO] MainUpdater:2872 - connection check result : 10
2026-08-08 14:00:01,644 [INFO] MainUpdater:289 - Updater Check For Update Now.
2026-08-08 14:00:01,644 [INFO] MicroXplorer:498 - Change Database Version : DB.6.0.150
2026-08-08 14:00:01,650 [INFO] McuFinderGlobals:63 - Set McuFinder mode to 2 (CubeIDE integrated)
2026-08-08 14:00:01,651 [INFO] UserAuth:487 - Internet connection configuration mode: 1
2026-08-08 14:00:01,666 [INFO] JxBrowserEngine:152 - Initiate JxBrowser Engine with user profile folder
2026-08-08 14:00:01,896 [INFO] CheckServerUpdateThread:120 - End of CheckServer Thread
2026-08-08 14:00:02,855 [WARN] PackLoader:240 - Cannot read IP mode file for STMicroelectronics.FP-SNS-MOTENVWB1.1.4.0
2026-08-08 14:00:02,878 [WARN] PackLoader:240 - Cannot read IP mode file for STMicroelectronics.FP-ATR-ASTRA1.2.0.2
2026-08-08 14:00:02,898 [ERROR] Engine:466 - /Users/usuario/.stm32cubemx/thirdparties/pdsc/STMicroelectronics.X-CUBE-SMBUS.2.1.1.pdsc: PDSC version is not supported
2026-08-08 14:00:02,902 [WARN] PackLoader:240 - Cannot read IP mode file for STMicroelectronics.X-CUBE-SMBUS.2.1.0
2026-08-08 14:00:02,938 [WARN] PackLoader:240 - Cannot read IP mode file for STMicroelectronics.X-CUBE-AZRTOS-F7.1.1.0
2026-08-08 14:00:02,959 [WARN] PackLoader:240 - Cannot read IP mode file for STMicroelectronics.X-CUBE-FREERTOS.1.6.0
2026-08-08 14:00:02,999 [WARN] PackLoader:240 - Cannot read IP mode file for STMicroelectronics.X-CUBE-AZRTOS-H7RS.1.3.0
2026-08-08 14:00:03,027 [WARN] PackLoader:240 - Cannot read IP mode file for STMicroelectronics.X-CUBE-DISPLAY.3.0.0
2026-08-08 14:00:03,060 [WARN] PackLoader:240 - Cannot read IP mode file for STMicroelectronics.X-CUBE-GNSS1.7.1.1
2026-08-08 14:00:03,073 [WARN] PackLoader:240 - Cannot read IP mode file for STMicroelectronics.X-CUBE-NFC10.1.0.0
2026-08-08 14:00:03,077 [ERROR] Engine:466 - /Users/usuario/.stm32cubemx/thirdparties/pdsc/STMicroelectronics.X-CUBE-WBA.1.1.0.pdsc: PDSC version is not supported
2026-08-08 14:00:03,088 [WARN] PackLoader:240 - Cannot read IP mode file for STMicroelectronics.X-CUBE-GNSS1.7.1.0
2026-08-08 14:00:03,097 [WARN] PackLoader:240 - Cannot read IP mode file for STMicroelectronics.FP-SNS-SMARTAG2.1.2.0
2026-08-08 14:00:03,102 [WARN] PackLoader:240 - Cannot read IP mode file for STMicroelectronics.FP-SNS-FLIGHT1.5.1.0
2026-08-08 14:00:03,113 [INFO] LogOutputStream:77 - [STDOUT_REDIRECT] 1 : Invalid condition id : UX_CORESTACK_Condition cause : null
2026-08-08 14:00:03,115 [INFO] LogOutputStream:77 - [STDOUT_REDIRECT] 1 : Invalid condition id : UX_CORESTACK_Condition cause : null
2026-08-08 14:00:03,115 [INFO] LogOutputStream:77 - [STDOUT_REDIRECT] 1 : Invalid condition id : UX_CORESTACK_Condition cause : null
2026-08-08 14:00:03,116 [INFO] LogOutputStream:77 - [STDOUT_REDIRECT] 1 : Invalid condition id : UX_CORESTACK_Condition cause : null
2026-08-08 14:00:03,116 [INFO] LogOutputStream:77 - [STDOUT_REDIRECT] 1 : Invalid condition id : UX_CORESTACK_Condition cause : null
2026-08-08 14:00:03,125 [WARN] PackLoader:240 - Cannot read IP mode file for STMicroelectronics.X-CUBE-AZRTOS-WL.2.0.0
2026-08-08 14:00:03,170 [WARN] PackLoader:240 - Cannot read IP mode file for STMicroelectronics.X-CUBE-AZRTOS-H7RS.1.2.0
2026-08-08 14:00:03,190 [WARN] PackLoader:240 - Cannot read IP mode file for STMicroelectronics.X-CUBE-BLE2.3.3.0
2026-08-08 14:00:03,221 [WARN] PackLoader:240 - Cannot read IP mode file for STMicroelectronics.X-CUBE-NFC9.1.0.0
2026-08-08 14:00:03,236 [WARN] PackLoader:240 - Cannot read IP mode file for STMicroelectronics.X-CUBE-BLE1.7.1.0
2026-08-08 14:00:03,250 [WARN] PackLoader:240 - Cannot read IP mode file for STMicroelectronics.X-CUBE-FREERTOS.1.4.0
2026-08-08 14:00:03,258 [WARN] PackLoader:240 - Cannot read IP mode file for STMicroelectronics.FP-SNS-STAIOTCFT.1.1.0
2026-08-08 14:00:03,550 [WARN] PackLoader:240 - Cannot read IP mode file for STMicroelectronics.X-CUBE-MEMS1.12.0.0
2026-08-08 14:00:03,820 [WARN] PackLoader:240 - Cannot read IP mode file for STMicroelectronics.X-CUBE-AZRTOS-G0.1.1.0
2026-08-08 14:00:03,851 [WARN] PackLoader:240 - Cannot read IP mode file for STMicroelectronics.X-CUBE-NFC4.3.0.0
2026-08-08 14:00:03,877 [WARN] PackLoader:240 - Cannot read IP mode file for EmbeddedOffice.I-CUBE-FS-RTOS.1.0.1
2026-08-08 14:00:03,900 [WARN] PackLoader:240 - Cannot read IP mode file for STMicroelectronics.X-CUBE-WB05N.2.0.0
2026-08-08 14:00:03,910 [WARN] PackLoader:240 - Cannot read IP mode file for STMicroelectronics.X-CUBE-TCPP.4.2.0
2026-08-08 14:00:03,917 [WARN] PackLoader:240 - Cannot read IP mode file for RealThread.X-CUBE-RT-Thread_Nano.4.1.1
2026-08-08 14:00:03,920 [WARN] PackLoader:240 - Cannot read IP mode file for STMicroelectronics.FP-ATR-SIGFOX1.3.2.0
2026-08-08 14:00:03,926 [WARN] PackLoader:240 - Cannot read IP mode file for STMicroelectronics.X-CUBE-FREERTOS.1.5.0
2026-08-08 14:00:03,962 [WARN] PackLoader:240 - Cannot read IP mode file for STMicroelectronics.X-CUBE-AI.10.2.1
2026-08-08 14:00:04,061 [WARN] PackLoader:240 - Cannot read IP mode file for STMicroelectronics.X-CUBE-MEMS1.12.1.0
2026-08-08 14:00:04,235 [WARN] PackLoader:240 - Cannot read IP mode file for SEGGER.I-CUBE-embOS.1.3.1
2026-08-08 14:00:04,308 [WARN] PackLoader:240 - Cannot read IP mode file for STMicroelectronics.X-CUBE-ALGOBUILD.1.4.0
2026-08-08 14:00:04,322 [WARN] PackLoader:240 - Cannot read IP mode file for STMicroelectronics.X-CUBE-NFC13.1.0.0
2026-08-08 14:00:04,333 [WARN] PackLoader:240 - Cannot read IP mode file for STMicroelectronics.X-CUBE-PM33A1.1.0.0
2026-08-08 14:00:04,354 [WARN] PackLoader:240 - Cannot read IP mode file for STMicroelectronics.X-CUBE-AZRTOS-F4.1.1.0
2026-08-08 14:00:04,361 [WARN] PackLoader:240 - Cannot read IP mode file for STMicroelectronics.X-CUBE-ISPU.2.1.0
2026-08-08 14:00:04,389 [WARN] PackLoader:240 - Cannot read IP mode file for STMicroelectronics.X-CUBE-AZRTOS-L5.2.0.0
2026-08-08 14:00:04,399 [WARN] PackLoader:240 - Cannot read IP mode file for STMicroelectronics.X-CUBE-ALGOBUILD.1.5.0
2026-08-08 14:00:04,402 [ERROR] Engine:466 - /Users/usuario/.stm32cubemx/thirdparties/pdsc/STMicroelectronics.X-CUBE-ST67W61.1.3.0.pdsc: PDSC version is not supported
2026-08-08 14:00:04,409 [WARN] PackLoader:240 - Cannot read IP mode file for STMicroelectronics.FP-SNS-STAIOTCFT.1.0.0
2026-08-08 14:00:04,420 [WARN] PackLoader:240 - Cannot read IP mode file for STMicroelectronics.X-CUBE-DPower.1.3.0
2026-08-08 14:00:04,442 [WARN] ConditionMgr:438 - getConditionDescription Invalid condition id : LAN8742 Phy interface Condition cause : null
2026-08-08 14:00:04,443 [WARN] PackLoader:240 - Cannot read IP mode file for STMicroelectronics.X-CUBE-AZRTOS-L4.2.0.0
2026-08-08 14:00:04,448 [WARN] ConditionMgr:1044 - genDependencies : Invalid condition id : LAN8742 Phy interface Condition cause : null
2026-08-08 14:00:04,449 [WARN] ConditionMgr:1044 - genDependencies : Invalid condition id : LAN8742 Phy interface Condition cause : null
2026-08-08 14:00:04,450 [WARN] ConditionMgr:1044 - genDependencies : Invalid condition id : LAN8742 Phy interface Condition cause : null
2026-08-08 14:00:04,458 [WARN] PackLoader:240 - Cannot read IP mode file for STMicroelectronics.X-CUBE-SFXS2LP1.4.0.0
2026-08-08 14:00:04,473 [WARN] PackLoader:240 - Cannot read IP mode file for STMicroelectronics.X-CUBE-BLEMGR.4.1.0
2026-08-08 14:00:04,492 [WARN] ConditionMgr:438 - getConditionDescription Invalid condition id : UX DEVICE CLASS RTOS Condition cause : null
2026-08-08 14:00:04,492 [WARN] ConditionMgr:438 - getConditionDescription Invalid condition id : UX DEVICE CLASS RTOS Condition cause : null
2026-08-08 14:00:04,497 [WARN] PackLoader:240 - Cannot read IP mode file for STMicroelectronics.X-CUBE-AZRTOS-WB.2.0.0
2026-08-08 14:00:04,498 [WARN] ConditionMgr:1044 - genDependencies : Invalid condition id : UX DEVICE CLASS RTOS Condition cause : null
2026-08-08 14:00:04,498 [WARN] ConditionMgr:1044 - genDependencies : Invalid condition id : UX DEVICE CLASS RTOS Condition cause : null
2026-08-08 14:00:04,499 [WARN] ConditionMgr:1044 - genDependencies : Invalid condition id : UX DEVICE CLASS RTOS Condition cause : null
2026-08-08 14:00:04,500 [WARN] ConditionMgr:1044 - genDependencies : Invalid condition id : UX DEVICE CLASS RTOS Condition cause : null
2026-08-08 14:00:04,500 [WARN] ConditionMgr:1044 - genDependencies : Invalid condition id : UX DEVICE CLASS RTOS Condition cause : null
2026-08-08 14:00:04,514 [WARN] PackLoader:240 - Cannot read IP mode file for STMicroelectronics.X-CUBE-SUBG2.5.0.0
2026-08-08 14:00:04,545 [WARN] PackLoader:240 - Cannot read IP mode file for STMicroelectronics.X-CUBE-AZRTOS-G4.2.0.0
2026-08-08 14:00:04,555 [WARN] PackLoader:240 - Cannot read IP mode file for STMicroelectronics.X-CUBE-NFC7.2.0.0
2026-08-08 14:00:04,559 [ERROR] Engine:466 - /Users/usuario/.stm32cubemx/thirdparties/pdsc/STMicroelectronics.X-CUBE-BLEMGR.4.2.0.pdsc: PDSC version is not supported
2026-08-08 14:00:04,561 [WARN] PackLoader:240 - Cannot read IP mode file for STMicroelectronics.X-CUBE-ALS.1.0.2
2026-08-08 14:00:04,575 [WARN] PackLoader:240 - Cannot read IP mode file for STMicroelectronics.X-CUBE-TOF1.3.4.3
2026-08-08 14:00:04,594 [INFO] ThirdParty:978 - Integrity check success = true
2026-08-08 14:00:04,594 [INFO] IntegrityCheckThread:100 - exiting critical section [integrity check]
2026-08-08 14:00:04,594 [INFO] IntegrityCheckThread:103 - End integrity checks thread
2026-08-08 14:00:08,570 [INFO] WebApp:169 - Instantiating new browser for Auth
2026-08-08 14:00:10,508 [INFO] WebApp:463 - Apply proxy settings
2026-08-08 14:00:10,587 [INFO] WebApp:508 - Chromium authenticates against Manually configured proxy
2026-08-08 14:00:10,607 [INFO] WebApp:516 - Username used for proxy authentication: 
2026-08-08 14:00:10,656 [INFO] WebApp:900 - Register for checkConnection events
2026-08-08 14:00:10,657 [INFO] WebApp:463 - Apply proxy settings
2026-08-08 14:00:10,669 [INFO] WebApp:508 - Chromium authenticates against Manually configured proxy
2026-08-08 14:00:10,670 [INFO] WebApp:516 - Username used for proxy authentication: 
2026-08-08 14:00:10,863 [INFO] WebApp:225 - Starting web application
2026-08-08 14:00:10,864 [INFO] WebApp:593 - Web application path used /Applications/STM32CubeIDE.app/Contents/Eclipse/plugins/com.st.stm32cube.common.mx_6.15.0.202507011659/db/plugins/mcufinder/reactClient1/index.html
2026-08-08 14:00:11,482 [INFO] WebApp:191 - Connection restablished
2026-08-08 14:00:11,552 [INFO] UserAuth:487 - Internet connection configuration mode: 1
2026-08-08 14:23:17,186 [ERROR] LogOutputStream:75 - [STDERR_REDIRECT] 
2026-08-08 14:24:37,050 [INFO] Activator:176 - 


2026-08-08 14:24:37,051 [INFO] Activator:177 - !SESSION log4j initialized
2026-08-08 14:24:42,187 [INFO] LogOutputStream:77 - [STDOUT_REDIRECT] 
2026-08-08 14:24:43,736 [ERROR] LogOutputStream:75 - [STDERR_REDIRECT] 
2026-08-08 14:24:47,495 [INFO] LogOutputStream:77 - [STDOUT_REDIRECT] 
2026-08-08 14:24:48,849 [INFO] ApplicationProperties:184 - Using Application install path: /Applications/STM32CubeIDE.app/Contents/Eclipse/plugins/com.st.stm32cube.common.mx_6.15.0.202507011659
2026-08-08 14:24:48,865 [INFO] DbMcusXml:78 - Set database path to: /Applications/STM32CubeIDE.app/Contents/Eclipse/plugins/com.st.stm32cube.common.mx_6.15.0.202507011659//db//mcu/
2026-08-08 14:24:48,866 [INFO] ApiDb:274 - Set plugin database path to: /Applications/STM32CubeIDE.app/Contents/Eclipse/plugins/com.st.stm32cube.common.mx_6.15.0.202507011659//db//plugins/boardmanager/
2026-08-08 14:24:48,867 [WARN] ApiDb:259 - Overriding images path with different value:  => /Applications/STM32CubeIDE.app/Contents/Eclipse/plugins/com.st.stm32cube.common.mx_6.15.0.202507011659//db//plugins/mcufinder/images/
2026-08-08 14:24:48,877 [INFO] ApiDb:250 - Set database path to: /Users/usuario/.stmcufinder/plugins/mcufinder//mcu/
2026-08-08 14:24:48,879 [INFO] DbMcusAds:125 - Set database path to: /Users/usuario/.stmcufinder/plugins/mcufinder//mcu/
2026-08-08 14:24:48,881 [INFO] CrossReferenceDbSqlite:203 - Set database path to: /Users/usuario/.stmcufinder/plugins/mcufinder//mcu/cs/
2026-08-08 14:24:49,054 [INFO] RulesReader:64 - Compatibility file has been processed (317 Rules)
2026-08-08 14:24:49,126 [INFO] DbMcusXml:78 - Set database path to: /Applications/STM32CubeIDE.app/Contents/Eclipse/plugins/com.st.stm32cube.common.mx_6.15.0.202507011659//db//mcu/
2026-08-08 14:24:49,127 [INFO] ApiDb:274 - Set plugin database path to: /Applications/STM32CubeIDE.app/Contents/Eclipse/plugins/com.st.stm32cube.common.mx_6.15.0.202507011659//db//plugins/boardmanager/
2026-08-08 14:24:49,127 [INFO] ApiDb:261 - Set plugin images path to: /Applications/STM32CubeIDE.app/Contents/Eclipse/plugins/com.st.stm32cube.common.mx_6.15.0.202507011659//db//plugins/mcufinder/images/
2026-08-08 14:24:49,128 [WARN] DbFile:41 - Overriding database path with different value: /Users/usuario/.stmcufinder/plugins/mcufinder/ => /Users/usuario/.stmcufinder/plugins/mcufinder
2026-08-08 14:24:49,128 [INFO] ApiDb:250 - Set database path to: /Users/usuario/.stmcufinder/plugins/mcufinder//mcu/
2026-08-08 14:24:49,128 [WARN] DbFile:41 - Overriding database path with different value: /Users/usuario/.stmcufinder/plugins/mcufinder/ => /Users/usuario/.stmcufinder/plugins/mcufinder
2026-08-08 14:24:49,128 [INFO] DbMcusAds:125 - Set database path to: /Users/usuario/.stmcufinder/plugins/mcufinder//mcu/
2026-08-08 14:24:49,128 [WARN] DbFile:41 - Overriding database path with different value: /Users/usuario/.stmcufinder/plugins/mcufinder/ => /Users/usuario/.stmcufinder/plugins/mcufinder
2026-08-08 14:24:49,129 [WARN] DbFile:41 - Overriding database path with different value: /Users/usuario/.stmcufinder/plugins/mcufinder/ => /Users/usuario/.stmcufinder/plugins/mcufinder
2026-08-08 14:24:49,129 [INFO] CrossReferenceDbSqlite:203 - Set database path to: /Users/usuario/.stmcufinder/plugins/mcufinder//mcu/cs/
2026-08-08 14:24:49,227 [INFO] MainPanel:274 - HeapMemory: 268435456
2026-08-08 14:24:50,596 [INFO] DbMcusXml:78 - Set database path to: /Applications/STM32CubeIDE.app/Contents/Eclipse/plugins/com.st.stm32cube.common.mx_6.15.0.202507011659//db//mcu/
2026-08-08 14:24:50,597 [INFO] ApiDb:274 - Set plugin database path to: /Applications/STM32CubeIDE.app/Contents/Eclipse/plugins/com.st.stm32cube.common.mx_6.15.0.202507011659//db//plugins/boardmanager/
2026-08-08 14:24:50,597 [INFO] ApiDb:261 - Set plugin images path to: /Applications/STM32CubeIDE.app/Contents/Eclipse/plugins/com.st.stm32cube.common.mx_6.15.0.202507011659//db//plugins/mcufinder/images/
2026-08-08 14:24:50,597 [WARN] DbFile:41 - Overriding database path with different value: /Users/usuario/.stmcufinder/plugins/mcufinder/ => /Users/usuario/.stmcufinder/plugins/mcufinder
2026-08-08 14:24:50,598 [INFO] ApiDb:250 - Set database path to: /Users/usuario/.stmcufinder/plugins/mcufinder//mcu/
2026-08-08 14:24:50,598 [WARN] DbFile:41 - Overriding database path with different value: /Users/usuario/.stmcufinder/plugins/mcufinder/ => /Users/usuario/.stmcufinder/plugins/mcufinder
2026-08-08 14:24:50,598 [INFO] DbMcusAds:125 - Set database path to: /Users/usuario/.stmcufinder/plugins/mcufinder//mcu/
2026-08-08 14:24:50,598 [WARN] DbFile:41 - Overriding database path with different value: /Users/usuario/.stmcufinder/plugins/mcufinder/ => /Users/usuario/.stmcufinder/plugins/mcufinder
2026-08-08 14:24:50,598 [WARN] DbFile:41 - Overriding database path with different value: /Users/usuario/.stmcufinder/plugins/mcufinder/ => /Users/usuario/.stmcufinder/plugins/mcufinder
2026-08-08 14:24:50,598 [INFO] CrossReferenceDbSqlite:203 - Set database path to: /Users/usuario/.stmcufinder/plugins/mcufinder//mcu/cs/
2026-08-08 14:24:50,616 [INFO] ApplicationProperties:184 - Using Application install path: /Applications/STM32CubeIDE.app/Contents/Eclipse/plugins/com.st.stm32cube.common.mx_6.15.0.202507011659
2026-08-08 14:24:50,617 [INFO] PluginManage:196 - Search for loadable plugins [exclusion list=, ]
2026-08-08 14:24:50,619 [INFO] PluginManage:310 - Check plugin analytics
2026-08-08 14:24:50,853 [INFO] AnalyticsPlugin:253 - Accepted Software Licenses: 
2026-08-08 14:24:50,853 [INFO] AnalyticsPlugin:255 - Accepted CMSIS Pack Licenses: 
2026-08-08 14:24:50,853 [INFO] AnalyticsPlugin:257 - Accepted Firmware Licenses: FW.F4.1.28.0
2026-08-08 14:24:50,870 [INFO] PluginManage:359 - Loaded plugin analytics (category:tool,tabindex:-1)
2026-08-08 14:24:50,874 [INFO] PluginManage:310 - Check plugin cadmodel
2026-08-08 14:24:50,887 [INFO] CADModel:105 - Init CAD model plugin
2026-08-08 14:24:50,887 [INFO] PluginManage:359 - Loaded plugin cadmodel (category:power,tabindex:5)
2026-08-08 14:24:50,888 [INFO] PluginManage:310 - Check plugin clock
2026-08-08 14:24:50,896 [INFO] PluginManage:359 - Loaded plugin clock (category:base,tabindex:2)
2026-08-08 14:24:50,897 [INFO] PluginManage:310 - Check plugin ddr
2026-08-08 14:24:50,898 [INFO] PluginManage:359 - Loaded plugin ddr (category:tool,tabindex:6)
2026-08-08 14:24:50,898 [INFO] PluginManage:310 - Check plugin filemanager
2026-08-08 14:24:51,057 [INFO] PluginManage:359 - Loaded plugin filemanager (category:base,tabindex:10)
2026-08-08 14:24:51,057 [INFO] PluginManage:310 - Check plugin ipmanager
2026-08-08 14:24:51,064 [INFO] PluginManage:359 - Loaded plugin ipmanager (category:base,tabindex:5)
2026-08-08 14:24:51,064 [INFO] PluginManage:310 - Check plugin lpbam
2026-08-08 14:24:51,079 [INFO] PluginManage:359 - Loaded plugin lpbam (category:base,tabindex:0)
2026-08-08 14:24:51,080 [INFO] PluginManage:310 - Check plugin memorymap
2026-08-08 14:24:51,090 [INFO] PluginManage:359 - Loaded plugin memorymap (category:base,tabindex:4)
2026-08-08 14:24:51,090 [INFO] PluginManage:310 - Check plugin pinoutandconfiguration
2026-08-08 14:24:51,100 [INFO] PluginManage:359 - Loaded plugin pinoutandconfiguration (category:base,tabindex:1)
2026-08-08 14:24:51,100 [INFO] PluginManage:310 - Check plugin pinoutconfig
2026-08-08 14:24:51,192 [WARN] SupportedApi:132 - Cannot load RTOS API schema: s4s-elt-must-match.1: The content of 'definitions' must match (annotation?, (simpleType | complexType)?, (unique | key | keyref)*)). A problem was found starting at: attribute.
2026-08-08 14:24:51,332 [INFO] PluginManage:359 - Loaded plugin pinoutconfig (category:base,tabindex:0)
2026-08-08 14:24:51,332 [INFO] PluginManage:310 - Check plugin power
2026-08-08 14:24:51,345 [INFO] PluginManage:359 - Loaded plugin power (category:power,tabindex:4)
2026-08-08 14:24:51,346 [INFO] PluginManage:310 - Check plugin projectmanager
2026-08-08 14:24:51,369 [INFO] PluginManage:359 - Loaded plugin projectmanager (category:projectmanager,tabindex:4)
2026-08-08 14:24:51,369 [INFO] PluginManage:310 - Check plugin rif
2026-08-08 14:24:51,376 [INFO] PluginManage:359 - Loaded plugin rif (category:base,tabindex:3)
2026-08-08 14:24:51,376 [INFO] PluginManage:310 - Check plugin thirdparty
2026-08-08 14:24:51,530 [INFO] PluginManage:359 - Loaded plugin thirdparty (category:base,tabindex:-1)
2026-08-08 14:24:51,530 [INFO] PluginManage:310 - Check plugin tools
2026-08-08 14:24:51,530 [WARN] IntegrityCheckThread:84 - waiting for thirdparty lock release [integrity check]
2026-08-08 14:24:51,531 [INFO] IntegrityCheckThread:86 - entering critical section [integrity check]
2026-08-08 14:24:51,531 [INFO] ThirdPartyUpdaterWithRetryManager:70 - Updater plugin not ready yet. [1/15]
2026-08-08 14:24:51,533 [INFO] PluginManage:359 - Loaded plugin tools (category:base,tabindex:7)
2026-08-08 14:24:51,533 [INFO] PluginManage:310 - Check plugin tutovideos
2026-08-08 14:24:51,765 [INFO] PluginManage:359 - Loaded plugin tutovideos (category:base,tabindex:-1)
2026-08-08 14:24:51,766 [INFO] PluginManage:310 - Check plugin updater
2026-08-08 14:24:51,795 [INFO] PluginManage:359 - Loaded plugin updater (category:base,tabindex:12)
2026-08-08 14:24:51,795 [INFO] PluginManage:310 - Check plugin userauth
2026-08-08 14:24:51,799 [INFO] UserAuth:118 - Init User Auth plugin
2026-08-08 14:24:51,800 [INFO] PluginManage:359 - Loaded plugin userauth (category:base,tabindex:14)
2026-08-08 14:24:51,800 [INFO] PluginManage:283 - PluginManage : Loaded plugins [18]
2026-08-08 14:24:51,998 [INFO] PinOutPanel:1589 - setPackage(No Configuration,No Configuration)
2026-08-08 14:24:52,067 [INFO] CADModel:165 - CPN selected for project level
2026-08-08 14:24:52,068 [INFO] CADModel:114 - Register for checkConnection events
2026-08-08 14:24:52,078 [INFO] IPUIPlugin:80 - create IPUIPlugin
2026-08-08 14:24:52,078 [INFO] PluginManager:220 - loadIPPluginJar : add mdma
2026-08-08 14:24:52,083 [INFO] IPUIPlugin:80 - create IPUIPlugin
2026-08-08 14:24:52,083 [INFO] PluginManager:220 - loadIPPluginJar : add freertos
2026-08-08 14:24:52,085 [INFO] IPUIPlugin:80 - create IPUIPlugin
2026-08-08 14:24:52,085 [INFO] PluginManager:220 - loadIPPluginJar : add gic
2026-08-08 14:24:52,091 [INFO] IPUIPlugin:80 - create IPUIPlugin
2026-08-08 14:24:52,091 [INFO] PluginManager:220 - loadIPPluginJar : add adc
2026-08-08 14:24:52,092 [INFO] IPUIPlugin:80 - create IPUIPlugin
2026-08-08 14:24:52,092 [INFO] PluginManager:220 - loadIPPluginJar : add gtzc
2026-08-08 14:24:52,093 [INFO] IPUIPlugin:80 - create IPUIPlugin
2026-08-08 14:24:52,094 [INFO] PluginManager:220 - loadIPPluginJar : add quadspi
2026-08-08 14:24:52,095 [INFO] IPUIPlugin:80 - create IPUIPlugin
2026-08-08 14:24:52,095 [INFO] PluginManager:220 - loadIPPluginJar : add aes
2026-08-08 14:24:52,096 [INFO] IPUIPlugin:80 - create IPUIPlugin
2026-08-08 14:24:52,097 [INFO] PluginManager:220 - loadIPPluginJar : add pdm2pcm
2026-08-08 14:24:52,099 [INFO] IPUIPlugin:80 - create IPUIPlugin
2026-08-08 14:24:52,099 [INFO] PluginManager:220 - loadIPPluginJar : add hash
2026-08-08 14:24:52,100 [INFO] IPUIPlugin:80 - create IPUIPlugin
2026-08-08 14:24:52,101 [INFO] PluginManager:220 - loadIPPluginJar : add tim
2026-08-08 14:24:52,102 [INFO] IPUIPlugin:80 - create IPUIPlugin
2026-08-08 14:24:52,102 [INFO] PluginManager:220 - loadIPPluginJar : add tsc
2026-08-08 14:24:52,103 [INFO] IPUIPlugin:80 - create IPUIPlugin
2026-08-08 14:24:52,104 [INFO] PluginManager:220 - loadIPPluginJar : add extmemmanager
2026-08-08 14:24:52,105 [INFO] IPUIPlugin:80 - create IPUIPlugin
2026-08-08 14:24:52,105 [INFO] PluginManager:220 - loadIPPluginJar : add ts
2026-08-08 14:24:52,105 [INFO] IPUIPlugin:80 - create IPUIPlugin
2026-08-08 14:24:52,106 [INFO] PluginManager:220 - loadIPPluginJar : add radio
2026-08-08 14:24:52,107 [INFO] IPUIPlugin:80 - create IPUIPlugin
2026-08-08 14:24:52,107 [INFO] PluginManager:220 - loadIPPluginJar : add can
2026-08-08 14:24:52,108 [INFO] IPUIPlugin:80 - create IPUIPlugin
2026-08-08 14:24:52,108 [INFO] PluginManager:220 - loadIPPluginJar : add dma3
2026-08-08 14:24:52,109 [INFO] IPUIPlugin:80 - create IPUIPlugin
2026-08-08 14:24:52,109 [INFO] PluginManager:220 - loadIPPluginJar : add dfsdm
2026-08-08 14:24:52,111 [INFO] IPUIPlugin:80 - create IPUIPlugin
2026-08-08 14:24:52,111 [INFO] PluginManager:220 - loadIPPluginJar : add spi
2026-08-08 14:24:52,112 [INFO] IPUIPlugin:80 - create IPUIPlugin
2026-08-08 14:24:52,112 [INFO] PluginManager:220 - loadIPPluginJar : add gfxmmu
2026-08-08 14:24:52,113 [INFO] IPUIPlugin:80 - create IPUIPlugin
2026-08-08 14:24:52,113 [INFO] PluginManager:220 - loadIPPluginJar : add genericplugin
2026-08-08 14:24:52,114 [INFO] IPUIPlugin:80 - create IPUIPlugin
2026-08-08 14:24:52,115 [INFO] PluginManager:220 - loadIPPluginJar : add cryp
2026-08-08 14:24:52,117 [INFO] IPUIPlugin:80 - create IPUIPlugin
2026-08-08 14:24:52,118 [INFO] PluginManager:220 - loadIPPluginJar : add gpio
2026-08-08 14:24:52,120 [INFO] IPUIPlugin:80 - create IPUIPlugin
2026-08-08 14:24:52,120 [INFO] PluginManager:220 - loadIPPluginJar : add ddr_ctrl_phy
2026-08-08 14:24:52,121 [INFO] IPUIPlugin:80 - create IPUIPlugin
2026-08-08 14:24:52,121 [INFO] PluginManager:220 - loadIPPluginJar : add comp
2026-08-08 14:24:52,123 [INFO] IPUIPlugin:80 - create IPUIPlugin
2026-08-08 14:24:52,124 [INFO] PluginManager:220 - loadIPPluginJar : add tracer_emb
2026-08-08 14:24:52,125 [INFO] IPUIPlugin:80 - create IPUIPlugin
2026-08-08 14:24:52,125 [INFO] PluginManager:220 - loadIPPluginJar : add openamp
2026-08-08 14:24:52,128 [INFO] IPUIPlugin:80 - create IPUIPlugin
2026-08-08 14:24:52,128 [INFO] PluginManager:220 - loadIPPluginJar : add stm32_wpan
2026-08-08 14:24:52,131 [INFO] IPUIPlugin:80 - create IPUIPlugin
2026-08-08 14:24:52,132 [INFO] PluginManager:220 - loadIPPluginJar : add plateformsettings
2026-08-08 14:24:52,135 [INFO] IPUIPlugin:80 - create IPUIPlugin
2026-08-08 14:24:52,135 [INFO] PluginManager:220 - loadIPPluginJar : add ipddr
2026-08-08 14:24:52,137 [INFO] IPUIPlugin:80 - create IPUIPlugin
2026-08-08 14:24:52,137 [INFO] PluginManager:220 - loadIPPluginJar : add usart
2026-08-08 14:24:52,137 [INFO] IPUIPlugin:80 - create IPUIPlugin
2026-08-08 14:24:52,137 [INFO] PluginManager:220 - loadIPPluginJar : add ltdc
2026-08-08 14:24:52,139 [INFO] IPUIPlugin:80 - create IPUIPlugin
2026-08-08 14:24:52,139 [INFO] PluginManager:220 - loadIPPluginJar : add nvic
2026-08-08 14:24:52,139 [INFO] IPUIPlugin:80 - create IPUIPlugin
2026-08-08 14:24:52,139 [INFO] PluginManager:220 - loadIPPluginJar : add fatfs
2026-08-08 14:24:52,143 [INFO] IPUIPlugin:80 - create IPUIPlugin
2026-08-08 14:24:52,144 [INFO] PluginManager:220 - loadIPPluginJar : add linkedlist
2026-08-08 14:24:52,147 [INFO] IPUIPlugin:80 - create IPUIPlugin
2026-08-08 14:24:52,147 [INFO] PluginManager:220 - loadIPPluginJar : add dma
2026-08-08 14:24:52,149 [INFO] IPUIPlugin:80 - create IPUIPlugin
2026-08-08 14:24:52,149 [INFO] PluginManager:220 - loadIPPluginJar : add fmc
2026-08-08 14:24:52,150 [INFO] IPUIPlugin:80 - create IPUIPlugin
2026-08-08 14:24:52,150 [INFO] PluginManager:220 - loadIPPluginJar : add i2s
2026-08-08 14:24:52,151 [INFO] IPUIPlugin:80 - create IPUIPlugin
2026-08-08 14:24:52,151 [INFO] PluginManager:220 - loadIPPluginJar : add ucpd
2026-08-08 14:24:52,153 [INFO] IPUIPlugin:80 - create IPUIPlugin
2026-08-08 14:24:52,153 [INFO] PluginManager:220 - loadIPPluginJar : add lorawan
2026-08-08 14:24:52,155 [INFO] IPUIPlugin:80 - create IPUIPlugin
2026-08-08 14:24:52,155 [INFO] PluginManager:220 - loadIPPluginJar : add opamp
2026-08-08 14:24:52,156 [INFO] IPUIPlugin:80 - create IPUIPlugin
2026-08-08 14:24:52,156 [INFO] PluginManager:220 - loadIPPluginJar : add i3c
2026-08-08 14:24:52,158 [INFO] IPUIPlugin:80 - create IPUIPlugin
2026-08-08 14:24:52,161 [INFO] PluginManager:220 - loadIPPluginJar : add touchsensing
2026-08-08 14:24:52,163 [INFO] IPUIPlugin:80 - create IPUIPlugin
2026-08-08 14:24:52,163 [INFO] PluginManager:220 - loadIPPluginJar : add i2c
2026-08-08 14:24:52,165 [INFO] IPUIPlugin:80 - create IPUIPlugin
2026-08-08 14:24:52,165 [INFO] PluginManager:220 - loadIPPluginJar : add resmgrutility
2026-08-08 14:24:52,167 [INFO] IPUIPlugin:80 - create IPUIPlugin
2026-08-08 14:24:52,167 [INFO] PluginManager:220 - loadIPPluginJar : add sai
2026-08-08 14:24:52,169 [INFO] IPUIPlugin:80 - create IPUIPlugin
2026-08-08 14:24:52,169 [INFO] PluginManager:220 - loadIPPluginJar : add usbx
2026-08-08 14:24:52,293 [FATAL] Updater:351 - Updater called before beeing initialized
2026-08-08 14:24:52,349 [INFO] RulesReader:64 - Compatibility file has been processed (317 Rules)
2026-08-08 14:24:52,365 [INFO] RulesReader:64 - Compatibility file has been processed (317 Rules)
2026-08-08 14:24:52,377 [INFO] CADModel:165 - CPN selected for project level
2026-08-08 14:24:52,377 [INFO] CADModel:114 - Register for checkConnection events
2026-08-08 14:24:52,377 [FATAL] Updater:351 - Updater called before beeing initialized
2026-08-08 14:24:52,377 [ERROR] CADModel:125 - Updater not yet initialized, retry later 
2026-08-08 14:24:52,921 [FATAL] Updater:351 - Updater called before beeing initialized
2026-08-08 14:24:52,923 [INFO] CADModel:165 - CPN selected for project level
2026-08-08 14:24:52,923 [INFO] CADModel:114 - Register for checkConnection events
2026-08-08 14:24:52,923 [FATAL] Updater:351 - Updater called before beeing initialized
2026-08-08 14:24:52,923 [ERROR] CADModel:125 - Updater not yet initialized, retry later 
2026-08-08 14:24:52,927 [FATAL] Updater:351 - Updater called before beeing initialized
2026-08-08 14:24:53,110 [FATAL] Updater:351 - Updater called before beeing initialized
2026-08-08 14:24:53,116 [INFO] DbMcusAds:53 - JSON generation date=Mon Apr 27 03:14:29 COT 2026 (1777277669577)
2026-08-08 14:24:53,118 [FATAL] Updater:351 - Updater called before beeing initialized
2026-08-08 14:24:53,177 [WARN] DetailPanel:346 - Failed to get advertising image, set to default
2026-08-08 14:24:53,261 [FATAL] Updater:351 - Updater called before beeing initialized
2026-08-08 14:24:53,264 [FATAL] Updater:351 - Updater called before beeing initialized
2026-08-08 14:24:53,265 [FATAL] Updater:351 - Updater called before beeing initialized
2026-08-08 14:24:53,265 [WARN] DetailPanel:346 - Failed to get advertising image, set to default
2026-08-08 14:24:53,267 [FATAL] Updater:351 - Updater called before beeing initialized
2026-08-08 14:24:53,321 [ERROR] Updater:1198 - MainUpdater not yet initialized. External WinMGr cannot be set.
2026-08-08 14:24:53,325 [INFO] Updater:1134 - Updater Version found : 6.15.0
2026-08-08 14:24:53,338 [INFO] ApplicationProperties:184 - Using Application install path: /Applications/STM32CubeIDE.app/Contents/Eclipse/plugins/com.st.stm32cube.common.mx_6.15.0.202507011659
2026-08-08 14:24:53,698 [INFO] MainUpdater:2872 - connection check result : 10
2026-08-08 14:24:53,698 [INFO] MainUpdater:289 - Updater Check For Update Now.
2026-08-08 14:24:53,699 [INFO] MicroXplorer:498 - Change Database Version : DB.6.0.150
2026-08-08 14:24:53,704 [INFO] McuFinderGlobals:63 - Set McuFinder mode to 2 (CubeIDE integrated)
2026-08-08 14:24:53,707 [INFO] UserAuth:487 - Internet connection configuration mode: 1
2026-08-08 14:24:53,722 [INFO] JxBrowserEngine:152 - Initiate JxBrowser Engine with user profile folder
2026-08-08 14:24:53,990 [INFO] CheckServerUpdateThread:120 - End of CheckServer Thread
2026-08-08 14:24:54,757 [WARN] PackLoader:240 - Cannot read IP mode file for STMicroelectronics.FP-SNS-MOTENVWB1.1.4.0
2026-08-08 14:24:54,779 [WARN] PackLoader:240 - Cannot read IP mode file for STMicroelectronics.FP-ATR-ASTRA1.2.0.2
2026-08-08 14:24:54,796 [ERROR] Engine:466 - /Users/usuario/.stm32cubemx/thirdparties/pdsc/STMicroelectronics.X-CUBE-SMBUS.2.1.1.pdsc: PDSC version is not supported
2026-08-08 14:24:54,801 [WARN] PackLoader:240 - Cannot read IP mode file for STMicroelectronics.X-CUBE-SMBUS.2.1.0
2026-08-08 14:24:54,854 [WARN] PackLoader:240 - Cannot read IP mode file for STMicroelectronics.X-CUBE-AZRTOS-F7.1.1.0
2026-08-08 14:24:54,892 [WARN] PackLoader:240 - Cannot read IP mode file for STMicroelectronics.X-CUBE-FREERTOS.1.6.0
2026-08-08 14:24:55,034 [WARN] PackLoader:240 - Cannot read IP mode file for STMicroelectronics.X-CUBE-AZRTOS-H7RS.1.3.0
2026-08-08 14:24:55,062 [WARN] PackLoader:240 - Cannot read IP mode file for STMicroelectronics.X-CUBE-DISPLAY.3.0.0
2026-08-08 14:24:55,094 [WARN] PackLoader:240 - Cannot read IP mode file for STMicroelectronics.X-CUBE-GNSS1.7.1.1
2026-08-08 14:24:55,107 [WARN] PackLoader:240 - Cannot read IP mode file for STMicroelectronics.X-CUBE-NFC10.1.0.0
2026-08-08 14:24:55,111 [ERROR] Engine:466 - /Users/usuario/.stm32cubemx/thirdparties/pdsc/STMicroelectronics.X-CUBE-WBA.1.1.0.pdsc: PDSC version is not supported
2026-08-08 14:24:55,123 [WARN] PackLoader:240 - Cannot read IP mode file for STMicroelectronics.X-CUBE-GNSS1.7.1.0
2026-08-08 14:24:55,133 [WARN] PackLoader:240 - Cannot read IP mode file for STMicroelectronics.FP-SNS-SMARTAG2.1.2.0
2026-08-08 14:24:55,138 [WARN] PackLoader:240 - Cannot read IP mode file for STMicroelectronics.FP-SNS-FLIGHT1.5.1.0
2026-08-08 14:24:55,147 [INFO] LogOutputStream:77 - [STDOUT_REDIRECT] 1 : Invalid condition id : UX_CORESTACK_Condition cause : null
2026-08-08 14:24:55,149 [INFO] LogOutputStream:77 - [STDOUT_REDIRECT] 1 : Invalid condition id : UX_CORESTACK_Condition cause : null
2026-08-08 14:24:55,149 [INFO] LogOutputStream:77 - [STDOUT_REDIRECT] 1 : Invalid condition id : UX_CORESTACK_Condition cause : null
2026-08-08 14:24:55,150 [INFO] LogOutputStream:77 - [STDOUT_REDIRECT] 1 : Invalid condition id : UX_CORESTACK_Condition cause : null
2026-08-08 14:24:55,150 [INFO] LogOutputStream:77 - [STDOUT_REDIRECT] 1 : Invalid condition id : UX_CORESTACK_Condition cause : null
2026-08-08 14:24:55,158 [WARN] PackLoader:240 - Cannot read IP mode file for STMicroelectronics.X-CUBE-AZRTOS-WL.2.0.0
2026-08-08 14:24:55,193 [WARN] PackLoader:240 - Cannot read IP mode file for STMicroelectronics.X-CUBE-AZRTOS-H7RS.1.2.0
2026-08-08 14:24:55,210 [WARN] PackLoader:240 - Cannot read IP mode file for STMicroelectronics.X-CUBE-BLE2.3.3.0
2026-08-08 14:24:55,241 [WARN] PackLoader:240 - Cannot read IP mode file for STMicroelectronics.X-CUBE-NFC9.1.0.0
2026-08-08 14:24:55,251 [WARN] PackLoader:240 - Cannot read IP mode file for STMicroelectronics.X-CUBE-BLE1.7.1.0
2026-08-08 14:24:55,263 [WARN] PackLoader:240 - Cannot read IP mode file for STMicroelectronics.X-CUBE-FREERTOS.1.4.0
2026-08-08 14:24:55,271 [WARN] PackLoader:240 - Cannot read IP mode file for STMicroelectronics.FP-SNS-STAIOTCFT.1.1.0
2026-08-08 14:24:55,385 [WARN] PackLoader:240 - Cannot read IP mode file for STMicroelectronics.X-CUBE-MEMS1.12.0.0
2026-08-08 14:24:55,829 [WARN] PackLoader:240 - Cannot read IP mode file for STMicroelectronics.X-CUBE-AZRTOS-G0.1.1.0
2026-08-08 14:24:55,893 [WARN] PackLoader:240 - Cannot read IP mode file for STMicroelectronics.X-CUBE-NFC4.3.0.0
2026-08-08 14:24:55,932 [WARN] PackLoader:240 - Cannot read IP mode file for EmbeddedOffice.I-CUBE-FS-RTOS.1.0.1
2026-08-08 14:24:55,947 [WARN] PackLoader:240 - Cannot read IP mode file for STMicroelectronics.X-CUBE-WB05N.2.0.0
2026-08-08 14:24:55,961 [WARN] PackLoader:240 - Cannot read IP mode file for STMicroelectronics.X-CUBE-TCPP.4.2.0
2026-08-08 14:24:55,967 [WARN] PackLoader:240 - Cannot read IP mode file for RealThread.X-CUBE-RT-Thread_Nano.4.1.1
2026-08-08 14:24:55,970 [WARN] PackLoader:240 - Cannot read IP mode file for STMicroelectronics.FP-ATR-SIGFOX1.3.2.0
2026-08-08 14:24:55,980 [WARN] PackLoader:240 - Cannot read IP mode file for STMicroelectronics.X-CUBE-FREERTOS.1.5.0
2026-08-08 14:24:56,009 [WARN] PackLoader:240 - Cannot read IP mode file for STMicroelectronics.X-CUBE-AI.10.2.1
2026-08-08 14:24:56,114 [WARN] PackLoader:240 - Cannot read IP mode file for STMicroelectronics.X-CUBE-MEMS1.12.1.0
2026-08-08 14:24:56,375 [WARN] PackLoader:240 - Cannot read IP mode file for SEGGER.I-CUBE-embOS.1.3.1
2026-08-08 14:24:56,425 [WARN] PackLoader:240 - Cannot read IP mode file for STMicroelectronics.X-CUBE-ALGOBUILD.1.4.0
2026-08-08 14:24:56,435 [WARN] PackLoader:240 - Cannot read IP mode file for STMicroelectronics.X-CUBE-NFC13.1.0.0
2026-08-08 14:24:56,441 [WARN] PackLoader:240 - Cannot read IP mode file for STMicroelectronics.X-CUBE-PM33A1.1.0.0
2026-08-08 14:24:56,468 [WARN] PackLoader:240 - Cannot read IP mode file for STMicroelectronics.X-CUBE-AZRTOS-F4.1.1.0
2026-08-08 14:24:56,480 [WARN] PackLoader:240 - Cannot read IP mode file for STMicroelectronics.X-CUBE-ISPU.2.1.0
2026-08-08 14:24:56,504 [WARN] PackLoader:240 - Cannot read IP mode file for STMicroelectronics.X-CUBE-AZRTOS-L5.2.0.0
2026-08-08 14:24:56,537 [WARN] PackLoader:240 - Cannot read IP mode file for STMicroelectronics.X-CUBE-ALGOBUILD.1.5.0
2026-08-08 14:24:56,547 [ERROR] Engine:466 - /Users/usuario/.stm32cubemx/thirdparties/pdsc/STMicroelectronics.X-CUBE-ST67W61.1.3.0.pdsc: PDSC version is not supported
2026-08-08 14:24:56,553 [WARN] PackLoader:240 - Cannot read IP mode file for STMicroelectronics.FP-SNS-STAIOTCFT.1.0.0
2026-08-08 14:24:56,562 [WARN] PackLoader:240 - Cannot read IP mode file for STMicroelectronics.X-CUBE-DPower.1.3.0
2026-08-08 14:24:56,589 [WARN] ConditionMgr:438 - getConditionDescription Invalid condition id : LAN8742 Phy interface Condition cause : null
2026-08-08 14:24:56,591 [WARN] PackLoader:240 - Cannot read IP mode file for STMicroelectronics.X-CUBE-AZRTOS-L4.2.0.0
2026-08-08 14:24:56,594 [WARN] ConditionMgr:1044 - genDependencies : Invalid condition id : LAN8742 Phy interface Condition cause : null
2026-08-08 14:24:56,594 [WARN] ConditionMgr:1044 - genDependencies : Invalid condition id : LAN8742 Phy interface Condition cause : null
2026-08-08 14:24:56,596 [WARN] ConditionMgr:1044 - genDependencies : Invalid condition id : LAN8742 Phy interface Condition cause : null
2026-08-08 14:24:56,606 [WARN] PackLoader:240 - Cannot read IP mode file for STMicroelectronics.X-CUBE-SFXS2LP1.4.0.0
2026-08-08 14:24:56,625 [WARN] PackLoader:240 - Cannot read IP mode file for STMicroelectronics.X-CUBE-BLEMGR.4.1.0
2026-08-08 14:24:56,654 [WARN] ConditionMgr:438 - getConditionDescription Invalid condition id : UX DEVICE CLASS RTOS Condition cause : null
2026-08-08 14:24:56,654 [WARN] ConditionMgr:438 - getConditionDescription Invalid condition id : UX DEVICE CLASS RTOS Condition cause : null
2026-08-08 14:24:56,659 [WARN] PackLoader:240 - Cannot read IP mode file for STMicroelectronics.X-CUBE-AZRTOS-WB.2.0.0
2026-08-08 14:24:56,661 [WARN] ConditionMgr:1044 - genDependencies : Invalid condition id : UX DEVICE CLASS RTOS Condition cause : null
2026-08-08 14:24:56,662 [WARN] ConditionMgr:1044 - genDependencies : Invalid condition id : UX DEVICE CLASS RTOS Condition cause : null
2026-08-08 14:24:56,663 [WARN] ConditionMgr:1044 - genDependencies : Invalid condition id : UX DEVICE CLASS RTOS Condition cause : null
2026-08-08 14:24:56,663 [WARN] ConditionMgr:1044 - genDependencies : Invalid condition id : UX DEVICE CLASS RTOS Condition cause : null
2026-08-08 14:24:56,663 [WARN] ConditionMgr:1044 - genDependencies : Invalid condition id : UX DEVICE CLASS RTOS Condition cause : null
2026-08-08 14:24:56,676 [WARN] PackLoader:240 - Cannot read IP mode file for STMicroelectronics.X-CUBE-SUBG2.5.0.0
2026-08-08 14:24:56,700 [WARN] PackLoader:240 - Cannot read IP mode file for STMicroelectronics.X-CUBE-AZRTOS-G4.2.0.0
2026-08-08 14:24:56,707 [WARN] PackLoader:240 - Cannot read IP mode file for STMicroelectronics.X-CUBE-NFC7.2.0.0
2026-08-08 14:24:56,711 [ERROR] Engine:466 - /Users/usuario/.stm32cubemx/thirdparties/pdsc/STMicroelectronics.X-CUBE-BLEMGR.4.2.0.pdsc: PDSC version is not supported
2026-08-08 14:24:56,713 [WARN] PackLoader:240 - Cannot read IP mode file for STMicroelectronics.X-CUBE-ALS.1.0.2
2026-08-08 14:24:56,729 [WARN] PackLoader:240 - Cannot read IP mode file for STMicroelectronics.X-CUBE-TOF1.3.4.3
2026-08-08 14:24:56,774 [INFO] ThirdParty:978 - Integrity check success = true
2026-08-08 14:24:56,774 [INFO] IntegrityCheckThread:100 - exiting critical section [integrity check]
2026-08-08 14:24:56,774 [INFO] IntegrityCheckThread:103 - End integrity checks thread
2026-08-08 14:25:00,973 [INFO] WebApp:169 - Instantiating new browser for Auth
2026-08-08 14:25:02,979 [INFO] WebApp:463 - Apply proxy settings
2026-08-08 14:25:03,011 [INFO] WebApp:508 - Chromium authenticates against Manually configured proxy
2026-08-08 14:25:03,033 [INFO] WebApp:516 - Username used for proxy authentication: 
2026-08-08 14:25:03,090 [INFO] WebApp:900 - Register for checkConnection events
2026-08-08 14:25:03,090 [INFO] WebApp:463 - Apply proxy settings
2026-08-08 14:25:03,097 [INFO] WebApp:508 - Chromium authenticates against Manually configured proxy
2026-08-08 14:25:03,098 [INFO] WebApp:516 - Username used for proxy authentication: 
2026-08-08 14:25:03,295 [INFO] WebApp:225 - Starting web application
2026-08-08 14:25:03,296 [INFO] WebApp:593 - Web application path used /Applications/STM32CubeIDE.app/Contents/Eclipse/plugins/com.st.stm32cube.common.mx_6.15.0.202507011659/db/plugins/mcufinder/reactClient1/index.html
2026-08-08 14:25:04,017 [INFO] UserAuth:487 - Internet connection configuration mode: 1
2026-08-08 14:25:04,124 [INFO] WebApp:191 - Connection restablished
2026-08-08 14:41:34,205 [INFO] Activator:176 - 


2026-08-08 14:41:34,207 [INFO] Activator:177 - !SESSION log4j initialized
2026-08-08 14:41:38,630 [INFO] LogOutputStream:77 - [STDOUT_REDIRECT] 
2026-08-08 14:41:40,021 [ERROR] LogOutputStream:75 - [STDERR_REDIRECT] 
2026-08-08 14:41:42,401 [INFO] LogOutputStream:77 - [STDOUT_REDIRECT] 
2026-08-08 14:41:44,338 [INFO] ApplicationProperties:184 - Using Application install path: /Applications/STM32CubeIDE.app/Contents/Eclipse/plugins/com.st.stm32cube.common.mx_6.15.0.202507011659
2026-08-08 14:41:44,354 [INFO] DbMcusXml:78 - Set database path to: /Applications/STM32CubeIDE.app/Contents/Eclipse/plugins/com.st.stm32cube.common.mx_6.15.0.202507011659//db//mcu/
2026-08-08 14:41:44,355 [INFO] ApiDb:274 - Set plugin database path to: /Applications/STM32CubeIDE.app/Contents/Eclipse/plugins/com.st.stm32cube.common.mx_6.15.0.202507011659//db//plugins/boardmanager/
2026-08-08 14:41:44,355 [WARN] ApiDb:259 - Overriding images path with different value:  => /Applications/STM32CubeIDE.app/Contents/Eclipse/plugins/com.st.stm32cube.common.mx_6.15.0.202507011659//db//plugins/mcufinder/images/
2026-08-08 14:41:44,361 [INFO] ApiDb:250 - Set database path to: /Users/usuario/.stmcufinder/plugins/mcufinder//mcu/
2026-08-08 14:41:44,362 [INFO] DbMcusAds:125 - Set database path to: /Users/usuario/.stmcufinder/plugins/mcufinder//mcu/
2026-08-08 14:41:44,363 [INFO] CrossReferenceDbSqlite:203 - Set database path to: /Users/usuario/.stmcufinder/plugins/mcufinder//mcu/cs/
2026-08-08 14:41:44,562 [INFO] RulesReader:64 - Compatibility file has been processed (317 Rules)
2026-08-08 14:41:44,620 [INFO] DbMcusXml:78 - Set database path to: /Applications/STM32CubeIDE.app/Contents/Eclipse/plugins/com.st.stm32cube.common.mx_6.15.0.202507011659//db//mcu/
2026-08-08 14:41:44,620 [INFO] ApiDb:274 - Set plugin database path to: /Applications/STM32CubeIDE.app/Contents/Eclipse/plugins/com.st.stm32cube.common.mx_6.15.0.202507011659//db//plugins/boardmanager/
2026-08-08 14:41:44,620 [INFO] ApiDb:261 - Set plugin images path to: /Applications/STM32CubeIDE.app/Contents/Eclipse/plugins/com.st.stm32cube.common.mx_6.15.0.202507011659//db//plugins/mcufinder/images/
2026-08-08 14:41:44,621 [WARN] DbFile:41 - Overriding database path with different value: /Users/usuario/.stmcufinder/plugins/mcufinder/ => /Users/usuario/.stmcufinder/plugins/mcufinder
2026-08-08 14:41:44,621 [INFO] ApiDb:250 - Set database path to: /Users/usuario/.stmcufinder/plugins/mcufinder//mcu/
2026-08-08 14:41:44,621 [WARN] DbFile:41 - Overriding database path with different value: /Users/usuario/.stmcufinder/plugins/mcufinder/ => /Users/usuario/.stmcufinder/plugins/mcufinder
2026-08-08 14:41:44,621 [INFO] DbMcusAds:125 - Set database path to: /Users/usuario/.stmcufinder/plugins/mcufinder//mcu/
2026-08-08 14:41:44,621 [WARN] DbFile:41 - Overriding database path with different value: /Users/usuario/.stmcufinder/plugins/mcufinder/ => /Users/usuario/.stmcufinder/plugins/mcufinder
2026-08-08 14:41:44,622 [WARN] DbFile:41 - Overriding database path with different value: /Users/usuario/.stmcufinder/plugins/mcufinder/ => /Users/usuario/.stmcufinder/plugins/mcufinder
2026-08-08 14:41:44,623 [INFO] CrossReferenceDbSqlite:203 - Set database path to: /Users/usuario/.stmcufinder/plugins/mcufinder//mcu/cs/
2026-08-08 14:41:44,700 [INFO] MainPanel:274 - HeapMemory: 268435456
2026-08-08 14:41:45,827 [INFO] McuFinderGlobals:63 - Set McuFinder mode to 2 (CubeIDE integrated)
2026-08-08 14:41:46,162 [INFO] DbMcusXml:78 - Set database path to: /Applications/STM32CubeIDE.app/Contents/Eclipse/plugins/com.st.stm32cube.common.mx_6.15.0.202507011659//db//mcu/
2026-08-08 14:41:46,162 [INFO] ApiDb:274 - Set plugin database path to: /Applications/STM32CubeIDE.app/Contents/Eclipse/plugins/com.st.stm32cube.common.mx_6.15.0.202507011659//db//plugins/boardmanager/
2026-08-08 14:41:46,163 [INFO] ApiDb:261 - Set plugin images path to: /Applications/STM32CubeIDE.app/Contents/Eclipse/plugins/com.st.stm32cube.common.mx_6.15.0.202507011659//db//plugins/mcufinder/images/
2026-08-08 14:41:46,163 [WARN] DbFile:41 - Overriding database path with different value: /Users/usuario/.stmcufinder/plugins/mcufinder/ => /Users/usuario/.stmcufinder/plugins/mcufinder
2026-08-08 14:41:46,163 [INFO] ApiDb:250 - Set database path to: /Users/usuario/.stmcufinder/plugins/mcufinder//mcu/
2026-08-08 14:41:46,163 [WARN] DbFile:41 - Overriding database path with different value: /Users/usuario/.stmcufinder/plugins/mcufinder/ => /Users/usuario/.stmcufinder/plugins/mcufinder
2026-08-08 14:41:46,163 [INFO] DbMcusAds:125 - Set database path to: /Users/usuario/.stmcufinder/plugins/mcufinder//mcu/
2026-08-08 14:41:46,163 [WARN] DbFile:41 - Overriding database path with different value: /Users/usuario/.stmcufinder/plugins/mcufinder/ => /Users/usuario/.stmcufinder/plugins/mcufinder
2026-08-08 14:41:46,164 [WARN] DbFile:41 - Overriding database path with different value: /Users/usuario/.stmcufinder/plugins/mcufinder/ => /Users/usuario/.stmcufinder/plugins/mcufinder
2026-08-08 14:41:46,164 [INFO] CrossReferenceDbSqlite:203 - Set database path to: /Users/usuario/.stmcufinder/plugins/mcufinder//mcu/cs/
2026-08-08 14:41:46,188 [INFO] ApplicationProperties:184 - Using Application install path: /Applications/STM32CubeIDE.app/Contents/Eclipse/plugins/com.st.stm32cube.common.mx_6.15.0.202507011659
2026-08-08 14:41:46,189 [INFO] PluginManage:196 - Search for loadable plugins [exclusion list=, ]
2026-08-08 14:41:46,192 [INFO] PluginManage:310 - Check plugin analytics
2026-08-08 14:41:46,448 [INFO] AnalyticsPlugin:253 - Accepted Software Licenses: 
2026-08-08 14:41:46,448 [INFO] AnalyticsPlugin:255 - Accepted CMSIS Pack Licenses: 
2026-08-08 14:41:46,448 [INFO] AnalyticsPlugin:257 - Accepted Firmware Licenses: FW.F4.1.28.0
2026-08-08 14:41:46,456 [INFO] PluginManage:359 - Loaded plugin analytics (category:tool,tabindex:-1)
2026-08-08 14:41:46,458 [INFO] PluginManage:310 - Check plugin cadmodel
2026-08-08 14:41:46,473 [INFO] CADModel:105 - Init CAD model plugin
2026-08-08 14:41:46,474 [INFO] PluginManage:359 - Loaded plugin cadmodel (category:power,tabindex:5)
2026-08-08 14:41:46,475 [INFO] PluginManage:310 - Check plugin clock
2026-08-08 14:41:46,485 [INFO] PluginManage:359 - Loaded plugin clock (category:base,tabindex:2)
2026-08-08 14:41:46,486 [INFO] PluginManage:310 - Check plugin ddr
2026-08-08 14:41:46,487 [INFO] PluginManage:359 - Loaded plugin ddr (category:tool,tabindex:6)
2026-08-08 14:41:46,487 [INFO] PluginManage:310 - Check plugin filemanager
2026-08-08 14:41:46,693 [INFO] PluginManage:359 - Loaded plugin filemanager (category:base,tabindex:10)
2026-08-08 14:41:46,693 [INFO] PluginManage:310 - Check plugin ipmanager
2026-08-08 14:41:46,701 [INFO] PluginManage:359 - Loaded plugin ipmanager (category:base,tabindex:5)
2026-08-08 14:41:46,701 [INFO] PluginManage:310 - Check plugin lpbam
2026-08-08 14:41:46,710 [INFO] PluginManage:359 - Loaded plugin lpbam (category:base,tabindex:0)
2026-08-08 14:41:46,711 [INFO] PluginManage:310 - Check plugin memorymap
2026-08-08 14:41:46,720 [INFO] PluginManage:359 - Loaded plugin memorymap (category:base,tabindex:4)
2026-08-08 14:41:46,720 [INFO] PluginManage:310 - Check plugin pinoutandconfiguration
2026-08-08 14:41:46,726 [INFO] PluginManage:359 - Loaded plugin pinoutandconfiguration (category:base,tabindex:1)
2026-08-08 14:41:46,726 [INFO] PluginManage:310 - Check plugin pinoutconfig
2026-08-08 14:41:46,828 [WARN] SupportedApi:132 - Cannot load RTOS API schema: s4s-elt-must-match.1: The content of 'definitions' must match (annotation?, (simpleType | complexType)?, (unique | key | keyref)*)). A problem was found starting at: attribute.
2026-08-08 14:41:47,047 [INFO] PluginManage:359 - Loaded plugin pinoutconfig (category:base,tabindex:0)
2026-08-08 14:41:47,048 [INFO] PluginManage:310 - Check plugin power
2026-08-08 14:41:47,061 [INFO] PluginManage:359 - Loaded plugin power (category:power,tabindex:4)
2026-08-08 14:41:47,061 [INFO] PluginManage:310 - Check plugin projectmanager
2026-08-08 14:41:47,089 [INFO] PluginManage:359 - Loaded plugin projectmanager (category:projectmanager,tabindex:4)
2026-08-08 14:41:47,089 [INFO] PluginManage:310 - Check plugin rif
2026-08-08 14:41:47,096 [INFO] PluginManage:359 - Loaded plugin rif (category:base,tabindex:3)
2026-08-08 14:41:47,096 [INFO] PluginManage:310 - Check plugin thirdparty
2026-08-08 14:41:47,250 [INFO] PluginManage:359 - Loaded plugin thirdparty (category:base,tabindex:-1)
2026-08-08 14:41:47,251 [INFO] PluginManage:310 - Check plugin tools
2026-08-08 14:41:47,250 [WARN] IntegrityCheckThread:84 - waiting for thirdparty lock release [integrity check]
2026-08-08 14:41:47,251 [INFO] IntegrityCheckThread:86 - entering critical section [integrity check]
2026-08-08 14:41:47,251 [INFO] ThirdPartyUpdaterWithRetryManager:70 - Updater plugin not ready yet. [1/15]
2026-08-08 14:41:47,253 [INFO] PluginManage:359 - Loaded plugin tools (category:base,tabindex:7)
2026-08-08 14:41:47,253 [INFO] PluginManage:310 - Check plugin tutovideos
2026-08-08 14:41:47,420 [INFO] PluginManage:359 - Loaded plugin tutovideos (category:base,tabindex:-1)
2026-08-08 14:41:47,420 [INFO] PluginManage:310 - Check plugin updater
2026-08-08 14:41:47,448 [INFO] PluginManage:359 - Loaded plugin updater (category:base,tabindex:12)
2026-08-08 14:41:47,448 [INFO] PluginManage:310 - Check plugin userauth
2026-08-08 14:41:47,454 [INFO] UserAuth:118 - Init User Auth plugin
2026-08-08 14:41:47,457 [INFO] PluginManage:359 - Loaded plugin userauth (category:base,tabindex:14)
2026-08-08 14:41:47,458 [INFO] PluginManage:283 - PluginManage : Loaded plugins [18]
2026-08-08 14:41:47,668 [INFO] PinOutPanel:1589 - setPackage(No Configuration,No Configuration)
2026-08-08 14:41:47,734 [INFO] CADModel:165 - CPN selected for project level
2026-08-08 14:41:47,734 [INFO] CADModel:114 - Register for checkConnection events
2026-08-08 14:41:47,746 [INFO] IPUIPlugin:80 - create IPUIPlugin
2026-08-08 14:41:47,746 [INFO] PluginManager:220 - loadIPPluginJar : add mdma
2026-08-08 14:41:47,757 [INFO] IPUIPlugin:80 - create IPUIPlugin
2026-08-08 14:41:47,757 [INFO] PluginManager:220 - loadIPPluginJar : add freertos
2026-08-08 14:41:47,759 [INFO] IPUIPlugin:80 - create IPUIPlugin
2026-08-08 14:41:47,759 [INFO] PluginManager:220 - loadIPPluginJar : add gic
2026-08-08 14:41:47,767 [INFO] IPUIPlugin:80 - create IPUIPlugin
2026-08-08 14:41:47,767 [INFO] PluginManager:220 - loadIPPluginJar : add adc
2026-08-08 14:41:47,769 [INFO] IPUIPlugin:80 - create IPUIPlugin
2026-08-08 14:41:47,769 [INFO] PluginManager:220 - loadIPPluginJar : add gtzc
2026-08-08 14:41:47,769 [INFO] IPUIPlugin:80 - create IPUIPlugin
2026-08-08 14:41:47,770 [INFO] PluginManager:220 - loadIPPluginJar : add quadspi
2026-08-08 14:41:47,771 [INFO] IPUIPlugin:80 - create IPUIPlugin
2026-08-08 14:41:47,771 [INFO] PluginManager:220 - loadIPPluginJar : add aes
2026-08-08 14:41:47,773 [INFO] IPUIPlugin:80 - create IPUIPlugin
2026-08-08 14:41:47,773 [INFO] PluginManager:220 - loadIPPluginJar : add pdm2pcm
2026-08-08 14:41:47,774 [INFO] IPUIPlugin:80 - create IPUIPlugin
2026-08-08 14:41:47,775 [INFO] PluginManager:220 - loadIPPluginJar : add hash
2026-08-08 14:41:47,776 [INFO] IPUIPlugin:80 - create IPUIPlugin
2026-08-08 14:41:47,776 [INFO] PluginManager:220 - loadIPPluginJar : add tim
2026-08-08 14:41:47,777 [INFO] IPUIPlugin:80 - create IPUIPlugin
2026-08-08 14:41:47,777 [INFO] PluginManager:220 - loadIPPluginJar : add tsc
2026-08-08 14:41:47,778 [INFO] IPUIPlugin:80 - create IPUIPlugin
2026-08-08 14:41:47,779 [INFO] PluginManager:220 - loadIPPluginJar : add extmemmanager
2026-08-08 14:41:47,779 [INFO] IPUIPlugin:80 - create IPUIPlugin
2026-08-08 14:41:47,779 [INFO] PluginManager:220 - loadIPPluginJar : add ts
2026-08-08 14:41:47,780 [INFO] IPUIPlugin:80 - create IPUIPlugin
2026-08-08 14:41:47,780 [INFO] PluginManager:220 - loadIPPluginJar : add radio
2026-08-08 14:41:47,781 [INFO] IPUIPlugin:80 - create IPUIPlugin
2026-08-08 14:41:47,781 [INFO] PluginManager:220 - loadIPPluginJar : add can
2026-08-08 14:41:47,783 [INFO] IPUIPlugin:80 - create IPUIPlugin
2026-08-08 14:41:47,783 [INFO] PluginManager:220 - loadIPPluginJar : add dma3
2026-08-08 14:41:47,785 [INFO] IPUIPlugin:80 - create IPUIPlugin
2026-08-08 14:41:47,785 [INFO] PluginManager:220 - loadIPPluginJar : add dfsdm
2026-08-08 14:41:47,786 [INFO] IPUIPlugin:80 - create IPUIPlugin
2026-08-08 14:41:47,786 [INFO] PluginManager:220 - loadIPPluginJar : add spi
2026-08-08 14:41:47,787 [INFO] IPUIPlugin:80 - create IPUIPlugin
2026-08-08 14:41:47,787 [INFO] PluginManager:220 - loadIPPluginJar : add gfxmmu
2026-08-08 14:41:47,787 [INFO] IPUIPlugin:80 - create IPUIPlugin
2026-08-08 14:41:47,788 [INFO] PluginManager:220 - loadIPPluginJar : add genericplugin
2026-08-08 14:41:47,789 [INFO] IPUIPlugin:80 - create IPUIPlugin
2026-08-08 14:41:47,789 [INFO] PluginManager:220 - loadIPPluginJar : add cryp
2026-08-08 14:41:47,791 [INFO] IPUIPlugin:80 - create IPUIPlugin
2026-08-08 14:41:47,792 [INFO] PluginManager:220 - loadIPPluginJar : add gpio
2026-08-08 14:41:47,793 [INFO] IPUIPlugin:80 - create IPUIPlugin
2026-08-08 14:41:47,793 [INFO] PluginManager:220 - loadIPPluginJar : add ddr_ctrl_phy
2026-08-08 14:41:47,794 [INFO] IPUIPlugin:80 - create IPUIPlugin
2026-08-08 14:41:47,794 [INFO] PluginManager:220 - loadIPPluginJar : add comp
2026-08-08 14:41:47,796 [INFO] IPUIPlugin:80 - create IPUIPlugin
2026-08-08 14:41:47,796 [INFO] PluginManager:220 - loadIPPluginJar : add tracer_emb
2026-08-08 14:41:47,800 [INFO] IPUIPlugin:80 - create IPUIPlugin
2026-08-08 14:41:47,800 [INFO] PluginManager:220 - loadIPPluginJar : add openamp
2026-08-08 14:41:47,804 [INFO] IPUIPlugin:80 - create IPUIPlugin
2026-08-08 14:41:47,804 [INFO] PluginManager:220 - loadIPPluginJar : add stm32_wpan
2026-08-08 14:41:47,807 [INFO] IPUIPlugin:80 - create IPUIPlugin
2026-08-08 14:41:47,809 [INFO] PluginManager:220 - loadIPPluginJar : add plateformsettings
2026-08-08 14:41:47,811 [INFO] IPUIPlugin:80 - create IPUIPlugin
2026-08-08 14:41:47,811 [INFO] PluginManager:220 - loadIPPluginJar : add ipddr
2026-08-08 14:41:47,812 [INFO] IPUIPlugin:80 - create IPUIPlugin
2026-08-08 14:41:47,812 [INFO] PluginManager:220 - loadIPPluginJar : add usart
2026-08-08 14:41:47,813 [INFO] IPUIPlugin:80 - create IPUIPlugin
2026-08-08 14:41:47,813 [INFO] PluginManager:220 - loadIPPluginJar : add ltdc
2026-08-08 14:41:47,815 [INFO] IPUIPlugin:80 - create IPUIPlugin
2026-08-08 14:41:47,815 [INFO] PluginManager:220 - loadIPPluginJar : add nvic
2026-08-08 14:41:47,815 [INFO] IPUIPlugin:80 - create IPUIPlugin
2026-08-08 14:41:47,815 [INFO] PluginManager:220 - loadIPPluginJar : add fatfs
2026-08-08 14:41:47,819 [INFO] IPUIPlugin:80 - create IPUIPlugin
2026-08-08 14:41:47,819 [INFO] PluginManager:220 - loadIPPluginJar : add linkedlist
2026-08-08 14:41:47,822 [INFO] IPUIPlugin:80 - create IPUIPlugin
2026-08-08 14:41:47,822 [INFO] PluginManager:220 - loadIPPluginJar : add dma
2026-08-08 14:41:47,824 [INFO] IPUIPlugin:80 - create IPUIPlugin
2026-08-08 14:41:47,824 [INFO] PluginManager:220 - loadIPPluginJar : add fmc
2026-08-08 14:41:47,826 [INFO] IPUIPlugin:80 - create IPUIPlugin
2026-08-08 14:41:47,826 [INFO] PluginManager:220 - loadIPPluginJar : add i2s
2026-08-08 14:41:47,827 [INFO] IPUIPlugin:80 - create IPUIPlugin
2026-08-08 14:41:47,827 [INFO] PluginManager:220 - loadIPPluginJar : add ucpd
2026-08-08 14:41:47,828 [INFO] IPUIPlugin:80 - create IPUIPlugin
2026-08-08 14:41:47,828 [INFO] PluginManager:220 - loadIPPluginJar : add lorawan
2026-08-08 14:41:47,830 [INFO] IPUIPlugin:80 - create IPUIPlugin
2026-08-08 14:41:47,830 [INFO] PluginManager:220 - loadIPPluginJar : add opamp
2026-08-08 14:41:47,831 [INFO] IPUIPlugin:80 - create IPUIPlugin
2026-08-08 14:41:47,831 [INFO] PluginManager:220 - loadIPPluginJar : add i3c
2026-08-08 14:41:47,833 [INFO] IPUIPlugin:80 - create IPUIPlugin
2026-08-08 14:41:47,833 [INFO] PluginManager:220 - loadIPPluginJar : add touchsensing
2026-08-08 14:41:47,835 [INFO] IPUIPlugin:80 - create IPUIPlugin
2026-08-08 14:41:47,835 [INFO] PluginManager:220 - loadIPPluginJar : add i2c
2026-08-08 14:41:47,837 [INFO] IPUIPlugin:80 - create IPUIPlugin
2026-08-08 14:41:47,837 [INFO] PluginManager:220 - loadIPPluginJar : add resmgrutility
2026-08-08 14:41:47,838 [INFO] IPUIPlugin:80 - create IPUIPlugin
2026-08-08 14:41:47,839 [INFO] PluginManager:220 - loadIPPluginJar : add sai
2026-08-08 14:41:47,842 [INFO] IPUIPlugin:80 - create IPUIPlugin
2026-08-08 14:41:47,842 [INFO] PluginManager:220 - loadIPPluginJar : add usbx
2026-08-08 14:41:47,949 [FATAL] Updater:351 - Updater called before beeing initialized
2026-08-08 14:41:48,002 [INFO] RulesReader:64 - Compatibility file has been processed (317 Rules)
2026-08-08 14:41:48,017 [INFO] RulesReader:64 - Compatibility file has been processed (317 Rules)
2026-08-08 14:41:48,025 [INFO] CADModel:165 - CPN selected for project level
2026-08-08 14:41:48,025 [INFO] CADModel:114 - Register for checkConnection events
2026-08-08 14:41:48,025 [FATAL] Updater:351 - Updater called before beeing initialized
2026-08-08 14:41:48,025 [ERROR] CADModel:125 - Updater not yet initialized, retry later 
2026-08-08 14:41:48,389 [FATAL] Updater:351 - Updater called before beeing initialized
2026-08-08 14:41:48,390 [INFO] CADModel:165 - CPN selected for project level
2026-08-08 14:41:48,390 [INFO] CADModel:114 - Register for checkConnection events
2026-08-08 14:41:48,390 [FATAL] Updater:351 - Updater called before beeing initialized
2026-08-08 14:41:48,390 [ERROR] CADModel:125 - Updater not yet initialized, retry later 
2026-08-08 14:41:48,393 [FATAL] Updater:351 - Updater called before beeing initialized
2026-08-08 14:41:48,552 [FATAL] Updater:351 - Updater called before beeing initialized
2026-08-08 14:41:48,557 [INFO] DbMcusAds:53 - JSON generation date=Mon Apr 27 03:14:29 COT 2026 (1777277669577)
2026-08-08 14:41:48,557 [FATAL] Updater:351 - Updater called before beeing initialized
2026-08-08 14:41:48,610 [WARN] DetailPanel:346 - Failed to get advertising image, set to default
2026-08-08 14:41:48,688 [FATAL] Updater:351 - Updater called before beeing initialized
2026-08-08 14:41:48,690 [FATAL] Updater:351 - Updater called before beeing initialized
2026-08-08 14:41:48,690 [FATAL] Updater:351 - Updater called before beeing initialized
2026-08-08 14:41:48,690 [WARN] DetailPanel:346 - Failed to get advertising image, set to default
2026-08-08 14:41:48,695 [FATAL] Updater:351 - Updater called before beeing initialized
2026-08-08 14:41:48,749 [ERROR] Updater:1198 - MainUpdater not yet initialized. External WinMGr cannot be set.
2026-08-08 14:41:48,751 [INFO] Updater:1134 - Updater Version found : 6.15.0
2026-08-08 14:41:48,766 [INFO] ApplicationProperties:184 - Using Application install path: /Applications/STM32CubeIDE.app/Contents/Eclipse/plugins/com.st.stm32cube.common.mx_6.15.0.202507011659
2026-08-08 14:41:49,123 [INFO] MainUpdater:2872 - connection check result : 10
2026-08-08 14:41:49,124 [INFO] MainUpdater:289 - Updater Check For Update Now.
2026-08-08 14:41:49,124 [INFO] MicroXplorer:498 - Change Database Version : DB.6.0.150
2026-08-08 14:41:49,132 [INFO] McuFinderGlobals:63 - Set McuFinder mode to 2 (CubeIDE integrated)
2026-08-08 14:41:49,133 [INFO] UserAuth:487 - Internet connection configuration mode: 1
2026-08-08 14:41:49,153 [INFO] JxBrowserEngine:152 - Initiate JxBrowser Engine with user profile folder
2026-08-08 14:41:49,363 [INFO] CheckServerUpdateThread:120 - End of CheckServer Thread
2026-08-08 14:41:50,484 [WARN] PackLoader:240 - Cannot read IP mode file for STMicroelectronics.FP-SNS-MOTENVWB1.1.4.0
2026-08-08 14:41:50,509 [WARN] PackLoader:240 - Cannot read IP mode file for STMicroelectronics.FP-ATR-ASTRA1.2.0.2
2026-08-08 14:41:50,528 [ERROR] Engine:466 - /Users/usuario/.stm32cubemx/thirdparties/pdsc/STMicroelectronics.X-CUBE-SMBUS.2.1.1.pdsc: PDSC version is not supported
2026-08-08 14:41:50,537 [WARN] PackLoader:240 - Cannot read IP mode file for STMicroelectronics.X-CUBE-SMBUS.2.1.0
2026-08-08 14:41:50,592 [WARN] PackLoader:240 - Cannot read IP mode file for STMicroelectronics.X-CUBE-AZRTOS-F7.1.1.0
2026-08-08 14:41:50,617 [WARN] PackLoader:240 - Cannot read IP mode file for STMicroelectronics.X-CUBE-FREERTOS.1.6.0
2026-08-08 14:41:50,676 [WARN] PackLoader:240 - Cannot read IP mode file for STMicroelectronics.X-CUBE-AZRTOS-H7RS.1.3.0
2026-08-08 14:41:50,709 [WARN] PackLoader:240 - Cannot read IP mode file for STMicroelectronics.X-CUBE-DISPLAY.3.0.0
2026-08-08 14:41:50,747 [WARN] PackLoader:240 - Cannot read IP mode file for STMicroelectronics.X-CUBE-GNSS1.7.1.1
2026-08-08 14:41:50,765 [WARN] PackLoader:240 - Cannot read IP mode file for STMicroelectronics.X-CUBE-NFC10.1.0.0
2026-08-08 14:41:50,770 [ERROR] Engine:466 - /Users/usuario/.stm32cubemx/thirdparties/pdsc/STMicroelectronics.X-CUBE-WBA.1.1.0.pdsc: PDSC version is not supported
2026-08-08 14:41:50,781 [WARN] PackLoader:240 - Cannot read IP mode file for STMicroelectronics.X-CUBE-GNSS1.7.1.0
2026-08-08 14:41:50,797 [WARN] PackLoader:240 - Cannot read IP mode file for STMicroelectronics.FP-SNS-SMARTAG2.1.2.0
2026-08-08 14:41:50,809 [WARN] PackLoader:240 - Cannot read IP mode file for STMicroelectronics.FP-SNS-FLIGHT1.5.1.0
2026-08-08 14:41:50,821 [INFO] LogOutputStream:77 - [STDOUT_REDIRECT] 1 : Invalid condition id : UX_CORESTACK_Condition cause : null
2026-08-08 14:41:50,824 [INFO] LogOutputStream:77 - [STDOUT_REDIRECT] 1 : Invalid condition id : UX_CORESTACK_Condition cause : null
2026-08-08 14:41:50,824 [INFO] LogOutputStream:77 - [STDOUT_REDIRECT] 1 : Invalid condition id : UX_CORESTACK_Condition cause : null
2026-08-08 14:41:50,824 [INFO] LogOutputStream:77 - [STDOUT_REDIRECT] 1 : Invalid condition id : UX_CORESTACK_Condition cause : null
2026-08-08 14:41:50,825 [INFO] LogOutputStream:77 - [STDOUT_REDIRECT] 1 : Invalid condition id : UX_CORESTACK_Condition cause : null
2026-08-08 14:41:50,852 [WARN] PackLoader:240 - Cannot read IP mode file for STMicroelectronics.X-CUBE-AZRTOS-WL.2.0.0
2026-08-08 14:41:50,947 [WARN] PackLoader:240 - Cannot read IP mode file for STMicroelectronics.X-CUBE-AZRTOS-H7RS.1.2.0
2026-08-08 14:41:50,987 [WARN] PackLoader:240 - Cannot read IP mode file for STMicroelectronics.X-CUBE-BLE2.3.3.0
2026-08-08 14:41:51,070 [WARN] PackLoader:240 - Cannot read IP mode file for STMicroelectronics.X-CUBE-NFC9.1.0.0
2026-08-08 14:41:51,092 [WARN] PackLoader:240 - Cannot read IP mode file for STMicroelectronics.X-CUBE-BLE1.7.1.0
2026-08-08 14:41:51,112 [WARN] PackLoader:240 - Cannot read IP mode file for STMicroelectronics.X-CUBE-FREERTOS.1.4.0
2026-08-08 14:41:51,128 [INFO] MainUpdater:2872 - connection check result : 10
2026-08-08 14:41:51,128 [INFO] MainUpdater:2872 - connection check result : 10
2026-08-08 14:41:51,135 [WARN] PackLoader:240 - Cannot read IP mode file for STMicroelectronics.FP-SNS-STAIOTCFT.1.1.0
2026-08-08 14:41:51,316 [WARN] PackLoader:240 - Cannot read IP mode file for STMicroelectronics.X-CUBE-MEMS1.12.0.0
2026-08-08 14:41:51,883 [WARN] PackLoader:240 - Cannot read IP mode file for STMicroelectronics.X-CUBE-AZRTOS-G0.1.1.0
2026-08-08 14:41:52,019 [WARN] PackLoader:240 - Cannot read IP mode file for STMicroelectronics.X-CUBE-NFC4.3.0.0
2026-08-08 14:41:52,088 [WARN] PackLoader:240 - Cannot read IP mode file for EmbeddedOffice.I-CUBE-FS-RTOS.1.0.1
2026-08-08 14:41:52,114 [WARN] PackLoader:240 - Cannot read IP mode file for STMicroelectronics.X-CUBE-WB05N.2.0.0
2026-08-08 14:41:52,140 [WARN] PackLoader:240 - Cannot read IP mode file for STMicroelectronics.X-CUBE-TCPP.4.2.0
2026-08-08 14:41:52,151 [WARN] PackLoader:240 - Cannot read IP mode file for RealThread.X-CUBE-RT-Thread_Nano.4.1.1
2026-08-08 14:41:52,159 [WARN] PackLoader:240 - Cannot read IP mode file for STMicroelectronics.FP-ATR-SIGFOX1.3.2.0
2026-08-08 14:41:52,175 [WARN] PackLoader:240 - Cannot read IP mode file for STMicroelectronics.X-CUBE-FREERTOS.1.5.0
2026-08-08 14:41:52,210 [WARN] PackLoader:240 - Cannot read IP mode file for STMicroelectronics.X-CUBE-AI.10.2.1
2026-08-08 14:41:52,326 [WARN] PackLoader:240 - Cannot read IP mode file for STMicroelectronics.X-CUBE-MEMS1.12.1.0
2026-08-08 14:41:52,509 [WARN] PackLoader:240 - Cannot read IP mode file for SEGGER.I-CUBE-embOS.1.3.1
2026-08-08 14:41:52,595 [WARN] PackLoader:240 - Cannot read IP mode file for STMicroelectronics.X-CUBE-ALGOBUILD.1.4.0
2026-08-08 14:41:52,617 [WARN] PackLoader:240 - Cannot read IP mode file for STMicroelectronics.X-CUBE-NFC13.1.0.0
2026-08-08 14:41:52,624 [WARN] PackLoader:240 - Cannot read IP mode file for STMicroelectronics.X-CUBE-PM33A1.1.0.0
2026-08-08 14:41:52,679 [WARN] PackLoader:240 - Cannot read IP mode file for STMicroelectronics.X-CUBE-AZRTOS-F4.1.1.0
2026-08-08 14:41:52,730 [WARN] PackLoader:240 - Cannot read IP mode file for STMicroelectronics.X-CUBE-ISPU.2.1.0
2026-08-08 14:41:52,759 [WARN] PackLoader:240 - Cannot read IP mode file for STMicroelectronics.X-CUBE-AZRTOS-L5.2.0.0
2026-08-08 14:41:52,791 [WARN] PackLoader:240 - Cannot read IP mode file for STMicroelectronics.X-CUBE-ALGOBUILD.1.5.0
2026-08-08 14:41:52,808 [ERROR] Engine:466 - /Users/usuario/.stm32cubemx/thirdparties/pdsc/STMicroelectronics.X-CUBE-ST67W61.1.3.0.pdsc: PDSC version is not supported
2026-08-08 14:41:52,816 [WARN] PackLoader:240 - Cannot read IP mode file for STMicroelectronics.FP-SNS-STAIOTCFT.1.0.0
2026-08-08 14:41:52,830 [WARN] PackLoader:240 - Cannot read IP mode file for STMicroelectronics.X-CUBE-DPower.1.3.0
2026-08-08 14:41:52,871 [WARN] ConditionMgr:438 - getConditionDescription Invalid condition id : LAN8742 Phy interface Condition cause : null
2026-08-08 14:41:52,873 [WARN] PackLoader:240 - Cannot read IP mode file for STMicroelectronics.X-CUBE-AZRTOS-L4.2.0.0
2026-08-08 14:41:52,877 [WARN] ConditionMgr:1044 - genDependencies : Invalid condition id : LAN8742 Phy interface Condition cause : null
2026-08-08 14:41:52,878 [WARN] ConditionMgr:1044 - genDependencies : Invalid condition id : LAN8742 Phy interface Condition cause : null
2026-08-08 14:41:52,879 [WARN] ConditionMgr:1044 - genDependencies : Invalid condition id : LAN8742 Phy interface Condition cause : null
2026-08-08 14:41:52,895 [WARN] PackLoader:240 - Cannot read IP mode file for STMicroelectronics.X-CUBE-SFXS2LP1.4.0.0
2026-08-08 14:41:52,924 [WARN] PackLoader:240 - Cannot read IP mode file for STMicroelectronics.X-CUBE-BLEMGR.4.1.0
2026-08-08 14:41:52,953 [WARN] ConditionMgr:438 - getConditionDescription Invalid condition id : UX DEVICE CLASS RTOS Condition cause : null
2026-08-08 14:41:52,955 [WARN] ConditionMgr:438 - getConditionDescription Invalid condition id : UX DEVICE CLASS RTOS Condition cause : null
2026-08-08 14:41:52,959 [WARN] PackLoader:240 - Cannot read IP mode file for STMicroelectronics.X-CUBE-AZRTOS-WB.2.0.0
2026-08-08 14:41:52,960 [WARN] ConditionMgr:1044 - genDependencies : Invalid condition id : UX DEVICE CLASS RTOS Condition cause : null
2026-08-08 14:41:52,960 [WARN] ConditionMgr:1044 - genDependencies : Invalid condition id : UX DEVICE CLASS RTOS Condition cause : null
2026-08-08 14:41:52,961 [WARN] ConditionMgr:1044 - genDependencies : Invalid condition id : UX DEVICE CLASS RTOS Condition cause : null
2026-08-08 14:41:52,961 [WARN] ConditionMgr:1044 - genDependencies : Invalid condition id : UX DEVICE CLASS RTOS Condition cause : null
2026-08-08 14:41:52,962 [WARN] ConditionMgr:1044 - genDependencies : Invalid condition id : UX DEVICE CLASS RTOS Condition cause : null
2026-08-08 14:41:52,981 [WARN] PackLoader:240 - Cannot read IP mode file for STMicroelectronics.X-CUBE-SUBG2.5.0.0
2026-08-08 14:41:53,006 [WARN] PackLoader:240 - Cannot read IP mode file for STMicroelectronics.X-CUBE-AZRTOS-G4.2.0.0
2026-08-08 14:41:53,016 [WARN] PackLoader:240 - Cannot read IP mode file for STMicroelectronics.X-CUBE-NFC7.2.0.0
2026-08-08 14:41:53,020 [ERROR] Engine:466 - /Users/usuario/.stm32cubemx/thirdparties/pdsc/STMicroelectronics.X-CUBE-BLEMGR.4.2.0.pdsc: PDSC version is not supported
2026-08-08 14:41:53,023 [WARN] PackLoader:240 - Cannot read IP mode file for STMicroelectronics.X-CUBE-ALS.1.0.2
2026-08-08 14:41:53,041 [WARN] PackLoader:240 - Cannot read IP mode file for STMicroelectronics.X-CUBE-TOF1.3.4.3
2026-08-08 14:41:53,053 [INFO] ThirdParty:978 - Integrity check success = true
2026-08-08 14:41:53,053 [INFO] IntegrityCheckThread:100 - exiting critical section [integrity check]
2026-08-08 14:41:53,053 [INFO] IntegrityCheckThread:103 - End integrity checks thread
2026-08-08 14:41:53,354 [INFO] MicroXplorer:468 - Change Database Path : 
2026-08-08 14:41:53,358 [INFO] MicroXplorer:498 - Change Database Version : DB.6.0.150
2026-08-08 14:41:53,369 [WARN] ThirdParty:871 - waiting for thirdparty lock release [close project]
2026-08-08 14:41:53,369 [INFO] ThirdParty:873 - entering critical section [close project]
2026-08-08 14:41:53,370 [INFO] ThirdParty:883 - exiting critical section [close project]
2026-08-08 14:41:53,374 [INFO] PinOutPanel:1589 - setPackage(No Configuration,No Configuration)
2026-08-08 14:41:53,378 [INFO] UtilMem:75 - Begin LoadConfig() Used Memory: 228651008 Bytes (274726912)
2026-08-08 14:41:53,418 [INFO] MicroXplorer:468 - Change Database Path : 
2026-08-08 14:41:53,418 [INFO] MicroXplorer:498 - Change Database Version : DB.6.0.150
2026-08-08 14:41:53,418 [INFO] OpenFileManager:355 - Change cursor
2026-08-08 14:41:53,507 [INFO] Mcu:2029 - Initializing MCU STM32F446R(C-E)Tx STM32F446RETx STM32F446RET6
2026-08-08 14:41:56,438 [INFO] WebApp:169 - Instantiating new browser for Auth
2026-08-08 14:41:58,175 [INFO] Context:786 - Trying to add GPIOservice into a context  which must be forbidden
2026-08-08 14:41:59,270 [INFO] WebApp:463 - Apply proxy settings
2026-08-08 14:41:59,446 [INFO] WebApp:508 - Chromium authenticates against Manually configured proxy
2026-08-08 14:41:59,527 [INFO] WebApp:516 - Username used for proxy authentication: 
2026-08-08 14:41:59,603 [INFO] WebApp:900 - Register for checkConnection events
2026-08-08 14:41:59,605 [INFO] WebApp:463 - Apply proxy settings
2026-08-08 14:41:59,616 [INFO] WebApp:508 - Chromium authenticates against Manually configured proxy
2026-08-08 14:41:59,617 [INFO] WebApp:516 - Username used for proxy authentication: 
2026-08-08 14:41:59,746 [INFO] ImportTextPane:234 - (OptionalMessage_ERROR) Pin19 (VP_RIF_VS_RIF1) cannot be retrieved for this MCU
2026-08-08 14:41:59,899 [INFO] WebApp:225 - Starting web application
2026-08-08 14:41:59,900 [INFO] WebApp:593 - Web application path used /Applications/STM32CubeIDE.app/Contents/Eclipse/plugins/com.st.stm32cube.common.mx_6.15.0.202507011659/db/plugins/mcufinder/reactClient1/index.html
2026-08-08 14:42:00,104 [INFO] RtosManager:558 - Registered RTOS mode: class=CMSIS, group=RTOS, mode=CMSIS_V1, owner=FREERTOS
2026-08-08 14:42:00,105 [INFO] RtosManager:558 - Registered RTOS mode: class=CMSIS, group=RTOS2, mode=CMSIS_V2, owner=FREERTOS
2026-08-08 14:42:00,106 [INFO] RtosManager:558 - Registered RTOS mode: class=RTOS, group=Core, mode=CMSIS_V1, owner=FREERTOS
2026-08-08 14:42:00,106 [INFO] RtosManager:558 - Registered RTOS mode: class=RTOS, group=Core, mode=CMSIS_V2, owner=FREERTOS
2026-08-08 14:42:00,106 [WARN] ModelIntegratedComponent:184 - Missing modes for component STMicroelectronics:FreeRTOS:0.0.1:STMicroelectronics:RTOS:FreeRTOS:Core:::10.2.0:
2026-08-08 14:42:00,171 [WARN] ModelIntegratedComponent:63 - No mode defined for component null
2026-08-08 14:42:00,171 [WARN] ModelIntegratedComponent:63 - No mode defined for component null
2026-08-08 14:42:00,172 [WARN] ModelIntegratedComponent:63 - No mode defined for component null
2026-08-08 14:42:00,172 [WARN] ModelIntegratedComponent:63 - No mode defined for component null
2026-08-08 14:42:00,172 [WARN] ModelIntegratedComponent:63 - No mode defined for component null
2026-08-08 14:42:00,172 [WARN] ModelIntegratedComponent:63 - No mode defined for component null
2026-08-08 14:42:00,172 [WARN] ModelIntegratedComponent:63 - No mode defined for component null
2026-08-08 14:42:00,172 [WARN] ModelIntegratedComponent:63 - No mode defined for component null
2026-08-08 14:42:00,172 [WARN] ModelIntegratedComponent:63 - No mode defined for component null
2026-08-08 14:42:00,172 [WARN] ModelIntegratedComponent:63 - No mode defined for component null
2026-08-08 14:42:00,172 [WARN] ModelIntegratedComponent:63 - No mode defined for component null
2026-08-08 14:42:00,172 [WARN] ModelIntegratedComponent:63 - No mode defined for component null
2026-08-08 14:42:00,172 [WARN] ModelIntegratedComponent:63 - No mode defined for component null
2026-08-08 14:42:00,172 [WARN] ModelIntegratedComponent:63 - No mode defined for component null
2026-08-08 14:42:00,172 [WARN] ModelIntegratedComponent:63 - No mode defined for component null
2026-08-08 14:42:00,172 [WARN] ModelIntegratedComponent:63 - No mode defined for component null
2026-08-08 14:42:00,172 [WARN] ModelIntegratedComponent:63 - No mode defined for component null
2026-08-08 14:42:00,172 [WARN] ModelIntegratedComponent:63 - No mode defined for component null
2026-08-08 14:42:00,172 [WARN] ModelIntegratedComponent:63 - No mode defined for component null
2026-08-08 14:42:00,173 [WARN] ModelIntegratedComponent:63 - No mode defined for component null
2026-08-08 14:42:00,173 [WARN] ModelIntegratedComponent:63 - No mode defined for component null
2026-08-08 14:42:00,173 [WARN] ModelIntegratedComponent:63 - No mode defined for component null
2026-08-08 14:42:00,173 [WARN] ModelIntegratedComponent:63 - No mode defined for component null
2026-08-08 14:42:00,173 [WARN] ModelIntegratedComponent:63 - No mode defined for component null
2026-08-08 14:42:00,173 [WARN] ModelIntegratedComponent:63 - No mode defined for component null
2026-08-08 14:42:00,173 [WARN] ModelIntegratedComponent:63 - No mode defined for component null
2026-08-08 14:42:00,173 [WARN] ModelIntegratedComponent:63 - No mode defined for component null
2026-08-08 14:42:00,173 [WARN] ModelIntegratedComponent:63 - No mode defined for component null
2026-08-08 14:42:00,174 [WARN] ModelIntegratedComponent:63 - No mode defined for component null
2026-08-08 14:42:00,174 [WARN] ModelIntegratedComponent:63 - No mode defined for component null
2026-08-08 14:42:00,174 [WARN] ModelIntegratedComponent:63 - No mode defined for component null
2026-08-08 14:42:00,174 [WARN] ModelIntegratedComponent:63 - No mode defined for component null
2026-08-08 14:42:00,174 [WARN] ModelIntegratedComponent:63 - No mode defined for component null
2026-08-08 14:42:00,174 [WARN] ModelIntegratedComponent:63 - No mode defined for component null
2026-08-08 14:42:00,174 [WARN] ModelIntegratedComponent:63 - No mode defined for component null
2026-08-08 14:42:00,175 [WARN] ModelPack:524 - Component already loaded: STMicroelectronics:HAL Drivers:0.0.0:STMicroelectronics:Device:STMicro_Driver:XSPI:HAL::0.0.1:HAL_XSPI
2026-08-08 14:42:00,328 [INFO] ThirdPartyModel:298 - Start build external matchings
2026-08-08 14:42:00,497 [INFO] WebApp:191 - Connection restablished
2026-08-08 14:42:00,697 [INFO] ThirdPartyModel:316 - End build external matchings
2026-08-08 14:42:00,733 [INFO] UserAuth:487 - Internet connection configuration mode: 1
2026-08-08 14:42:00,748 [INFO] RtosManager:1018 - Current active RTOS is FREERTOS [Cortex-M4NS]
2026-08-08 14:42:00,898 [WARN] IP:2250 - I2C_Coeff_DF not found: check if there is a RefParameter without a condition.
2026-08-08 14:42:00,900 [WARN] IP:2250 - Analog_Filter not found: check if there is a RefParameter without a condition.
2026-08-08 14:42:00,901 [INFO] ImportTextPane:234 - (OptionalMessage_ERROR) IP (RCC) : Invalid parameter (48MHZClocksFreq_Value)
2026-08-08 14:42:00,918 [INFO] ImportTextPane:234 - (OptionalMessage_ERROR) IP (RCC) : Invalid parameter (EthernetFreq_Value)
2026-08-08 14:42:00,947 [INFO] ImportTextPane:234 - (OptionalMessage_ERROR) IP (RCC) : Parameter (FLatency) has Id (AdvancedSettings) currently not set
2026-08-08 14:42:00,949 [INFO] ImportTextPane:234 - (OptionalMessage_ERROR) IP (RCC) : Invalid parameter (FamilyName)
2026-08-08 14:42:00,954 [INFO] ImportTextPane:234 - (OptionalMessage_ERROR) IP (RCC) : Invalid parameter (I2SClocksFreq_Value)
2026-08-08 14:42:00,971 [INFO] ImportTextPane:234 - (OptionalMessage_ERROR) IP (RCC) : Parameter (SDIOFreq_Value) has invalid value (168000000)
2026-08-08 14:42:00,972 [INFO] ImportTextPane:234 - (OptionalMessage_ERROR) IP (RCC) : Parameter (USBFreq_Value) has invalid value (168000000)
2026-08-08 14:42:00,974 [INFO] ImportTextPane:234 - (OptionalMessage_ERROR) IP (RCC) : Invalid parameter (VCOInputMFreq_Value)
2026-08-08 14:42:00,975 [INFO] ImportTextPane:234 - (OptionalMessage_ERROR) IP (RCC) : Invalid parameter (VcooutputI2S)
2026-08-08 14:42:02,287 [INFO] ApiDb:581 - Connected to CubeFinder SQLite database (/Users/usuario/.stmcufinder/plugins/mcufinder/mcu/cube-finder-db.db)
2026-08-08 14:42:02,367 [INFO] ApiDb:668 - CubeFinder database Data Model version=2.1
2026-08-08 14:42:02,368 [INFO] ApiDb:669 - CubeFinder database Configuration version=3.0.42
2026-08-08 14:42:02,372 [INFO] ApiDb:670 - CubeFinder database generation date=2026-05-06 (1778060171)
2026-08-08 14:42:02,372 [INFO] ApiDb:671 - CubeFinder database FW Pack versions=[FP-ATR-ASTRA1_V2.0.0, FP-SNS-FLIGHT1_V5.1.0, FP-SNS-MOTENV1_V5.1.0, FP-SNS-MOTENVWB1_V1.5.0, FP-SNS-SMARTAG2_V1.2.0, FP-SNS-STBOX1_V2.1.0, STM32Cube_FW_C0_V1.4.0, STM32Cube_FW_F4_V1.28.3, STM32Cube_FW_F7_V1.17.4, STM32Cube_FW_G0_V1.6.3, STM32Cube_FW_G4_V1.6.2, STM32Cube_FW_H5_V1.6.0, STM32Cube_FW_H7RS_V1.3.0, STM32Cube_FW_H7_V1.13.0, STM32Cube_FW_L0_V1.12.2, STM32Cube_FW_L4_V1.18.2, STM32Cube_FW_L5_V1.6.0, STM32Cube_FW_N6_V1.3.0, STM32Cube_FW_U0_V1.3.0, STM32Cube_FW_U3_V1.3.0, STM32Cube_FW_U5_V1.8.0, STM32Cube_FW_WB0_V1.4.0, STM32Cube_FW_WBA_V1.9.0, STM32Cube_FW_WB_V1.24.0, STM32Cube_FW_WL3_V1.4.0, STM32Cube_FW_WL_V1.5.0, X-CUBE-ALGOBUILD_V1.4.0, X-CUBE-ALS_V1.0.2, X-CUBE-AZRTOS-F4_V1.1.0, X-CUBE-AZRTOS-F7_V1.1.0, X-CUBE-AZRTOS-G0_V1.1.0, X-CUBE-AZRTOS-G4_V2.0.0, X-CUBE-AZRTOS-H7RS_V1.1.0, X-CUBE-AZRTOS-H7_V3.5.0, X-CUBE-AZRTOS-L4_V2.0.0, X-CUBE-AZRTOS-L5_V2.0.0, X-CUBE-AZRTOS-WB_V2.0.0, X-CUBE-AZRTOS-WL_V2.0.0, X-CUBE-BLE1_V7.1.0, X-CUBE-BLE2_V3.3.0, X-CUBE-BLEMGR_V4.1.0, X-CUBE-EEPRMA1_V5.2.0, X-CUBE-FREERTOS_V1.5.0, X-CUBE-GNSS1_V6.0.0, X-CUBE-MEMS1_V12.0.0, X-CUBE-NFC4_V3.0.0, X-CUBE-NFC7_V2.0.0, X-CUBE-SFXS2LP1_V4.0.0, X-CUBE-ST67W61_V1.2.0, X-CUBE-SUBG2_V5.0.0, X-CUBE-TOF1_V3.4.3]
2026-08-08 14:42:02,499 [INFO] DbBoardsSqlite:226 - include board P-NUCLEO-WB55-NUCLEO as a kit item of type 'Nucleo-64'
2026-08-08 14:42:02,500 [INFO] DbBoardsSqlite:226 - include board P-NUCLEO-WB55-USBDONGLE as a kit item of type 'Nucleo USB Dongle'
2026-08-08 14:42:02,500 [INFO] DbBoardsSqlite:226 - include board STEVAL-IDP005V1 as a kit item of type 'Evaluation Board'
2026-08-08 14:42:02,501 [INFO] DbBoardsSqlite:226 - include board STEVAL-IDP005V2 as a kit item of type 'Evaluation Board'
2026-08-08 14:42:02,644 [INFO] ApiDb:240 - Found 880 in-development CPN: [B-G473E-ZEST1S, B-WB1M-WPAN1, B-WBA5M-WPAN, B-WL5M-SUBG1, NUCLEO-C031C6, NUCLEO-C051C8, NUCLEO-C071RB, NUCLEO-C092RC, NUCLEO-H503RB, NUCLEO-H533RE, NUCLEO-H563ZI, NUCLEO-H7S3L8, NUCLEO-N657X0-Q, NUCLEO-U031R8, NUCLEO-U083RC, NUCLEO-U385RG-Q, NUCLEO-U545RE-Q, NUCLEO-U5A5ZJ-Q, NUCLEO-WB05KZ, NUCLEO-WB07CC, NUCLEO-WB09KE, NUCLEO-WBA52CG, NUCLEO-WBA55CG, NUCLEO-WL33CC1, NUCLEO-WL33CC2, STEVAL-PROTEUS1, STEVAL-SMARTAG2, STEVAL-STWINBX1, STM320518-EVAL, STM32C0116-DK, STM32C011D6Y3TR, STM32C011D6Y6TR, STM32C011F4P3, STM32C011F4P6, STM32C011F4U3, STM32C011F4U6TR, STM32C011F6P3, STM32C011F6P6, STM32C011F6U3, STM32C011F6U6TR, STM32C011J4M3, STM32C011J4M6, STM32C011J6M3, STM32C011J6M6, STM32C0316-DK, STM32C031C4T3, STM32C031C4T6, STM32C031C4U3, STM32C031C4U6, STM32C031C6T3, STM32C031C6T6, STM32C031C6U3, STM32C031C6U6, STM32C031F4P3, STM32C031F4P6, STM32C031F6P3, STM32C031F6P6, STM32C031G4U3, STM32C031G4U6, STM32C031G6U3, STM32C031G6U6, STM32C031K4T3, STM32C031K4T6, STM32C031K4U3, STM32C031K4U6, STM32C031K6T3, STM32C031K6T6, STM32C031K6U3, STM32C031K6U6, STM32C051C6T6, STM32C051C6U6, STM32C051C8T6, STM32C051C8U6, STM32C051D8Y6TR, STM32C051F6P6, STM32C051F8P6, STM32C051G6U6, STM32C051G8U6, STM32C051K6T6, STM32C051K6U6, STM32C051K8T6, STM32C071C8T6, STM32C071C8T6N, STM32C071C8U6, STM32C071C8U6N, STM32C071CBT6, STM32C071CBT6N, STM32C071CBU6, STM32C071CBU6N, STM32C071F8P6, STM32C071F8P6N, STM32C071FBP6, STM32C071FBP6N, STM32C071FBY6TR, STM32C071G8U6, STM32C071G8U6N, STM32C071GBU6, STM32C071GBU6N, STM32C071K8T6, STM32C071K8T6N, STM32C071K8U6, STM32C071K8U6N, STM32C071KBT6, STM32C071KBT6N, STM32C071KBU6, STM32C071KBU6N, STM32C071R8T6, STM32C071R8T6N, STM32C071RBI6N, STM32C071RBT6, STM32C071RBT6N, STM32C091CBT6, STM32C091CBU6, STM32C091CCT6, STM32C091CCU6, STM32C091ECY6TR, STM32C091FBP6, STM32C091FCP6, STM32C091GBU6, STM32C091GCU6, STM32C091KBT6, STM32C091KBU6, STM32C091KCT6, STM32C091KCU6, STM32C091RBT6, STM32C091RCI6, STM32C091RCT6, STM32C092CBT6, STM32C092CBU6, STM32C092CCT6, STM32C092CCU6, STM32C092ECY6TR, STM32C092FBP6, STM32C092FCP6, STM32C092GBU6, STM32C092GCU6, STM32C092KBT6, STM32C092KBU6, STM32C092KCT6, STM32C092KCU6, STM32C092RBT6, STM32C092RCI6, STM32C092RCT6, STM32G071K8TXN, STM32G071K8UXN, STM32G081GBU6N, STM32G081KBT6N, STM32G081KBUXN, STM32G0B1CCT6N, STM32G0B1KCT6, STM32G0B1NEY6TR, STM32G0B1RCT6N, STM32G0C1CCT6, STM32G0C1CCT6N, STM32G0C1CCU6N, STM32G0C1CET6N, STM32G0C1CEU6N, STM32G0C1KCT6, STM32G0C1NEY6TR, STM32G0C1RCI6N, STM32G0C1RCT6N, STM32G0C1REI6N, STM32G0C1RET6N, STM32G0C1VCI6, STM32G0C1VEI6, STM32G411C6T3, STM32G411C6T6, STM32G411C6U3, STM32G411C6U6, STM32G411C8T3, STM32G411C8T6, STM32G411C8U3, STM32G411C8U6, STM32G411CBT3, STM32G411CBT6, STM32G411CBU3, STM32G411CBU6, STM32G411K6T3, STM32G411K6T6, STM32G411K6U3, STM32G411K6U6, STM32G411K8T3, STM32G411K8T6, STM32G411K8U3, STM32G411K8U6, STM32G411KBT3, STM32G411KBT6, STM32G411KBU3, STM32G411KBU6, STM32G411M6T3, STM32G411M6T6, STM32G411M8T3, STM32G411M8T6, STM32G411MBT3, STM32G411MBT6, STM32G411R6T3, STM32G411R6T6, STM32G411R8T3, STM32G411R8T6, STM32G411RBT3, STM32G411RBT6, STM32G414CBT3, STM32G414CBT6, STM32G414CBU3, STM32G414CBU6, STM32G414CCT3, STM32G414CCT6, STM32G414CCU3, STM32G414CCU6, STM32G414MBT3, STM32G414MBT6, STM32G414MCT3, STM32G414MCT6, STM32G414RBT3, STM32G414RBT6, STM32G414RCT3, STM32G414RCT6, STM32G414VBT3, STM32G414VBT6, STM32G414VCT3, STM32G414VCT6, STM32G431CBT3Z, STM32G431RBT3Z, STM32G471CCT6, STM32G471CCU6, STM32G471CET3, STM32G471CET6, STM32G471CEU3, STM32G471CEU6, STM32G471MCT6, STM32G471MET3, STM32G471MET6, STM32G471MEY6TR, STM32G471QCT6, STM32G471QET3, STM32G471RCT6, STM32G471RET3, STM32G471RET6, STM32G471VCH6, STM32G471VCI6, STM32G471VCT6, STM32G471VEH3, STM32G471VEH6, STM32G471VEI3, STM32G471VEI6, STM32G471VET3, STM32G471VET6, STM32G473QET3Z, STM32G473RET3Z, STM32G474CCT6, STM32G491RET3Z, STM32H503CBT6, STM32H503CBU6, STM32H503EBY6TR, STM32H503KBU6, STM32H503RBT6, STM32H523CCT6, STM32H523CCU6, STM32H523CET6, STM32H523CEU6, STM32H523HEY6TR, STM32H523RCT6, STM32H523RET6, STM32H523VCI6, STM32H523VCT6, STM32H523VEI6, STM32H523VET6, STM32H523ZCJ6, STM32H523ZCT6, STM32H523ZEJ6, STM32H523ZET6, STM32H533CET6, STM32H533CEU6, STM32H533HEY6TR, STM32H533RET6, STM32H533VEI6, STM32H533VET6, STM32H533ZEJ6, STM32H533ZET6, STM32H562AGI6, STM32H562AII6, STM32H562IGK6, STM32H562IGT6, STM32H562IIK6, STM32H562IIT6, STM32H562RGT6, STM32H562RGV6, STM32H562RIT6, STM32H562RIV6, STM32H562VGT6, STM32H562VIT6, STM32H562ZGT6, STM32H562ZIT6, STM32H563AGI6, STM32H563AII3Q, STM32H563AII6, STM32H563IGK6, STM32H563IGT6, STM32H563IIK3Q, STM32H563IIK6, STM32H563IIT3Q, STM32H563IIT6, STM32H563MIY3QTR, STM32H563RGT6, STM32H563RGV6, STM32H563RIT6, STM32H563RIV6, STM32H563VGT6, STM32H563VIT3Q, STM32H563VIT6, STM32H563ZGT6, STM32H563ZIT3Q, STM32H563ZIT6, STM32H573AII3Q, STM32H573AII6, STM32H573I-DK, STM32H573IIK3Q, STM32H573IIK6, STM32H573IIT3Q, STM32H573IIT6, STM32H573MIY3QTR, STM32H573RIT6, STM32H573RIV6, STM32H573VIT3Q, STM32H573VIT6, STM32H573ZIT3Q, STM32H573ZIT6, STM32H7R3A8I6, STM32H7R3I8K6, STM32H7R3I8T6, STM32H7R3L8H6, STM32H7R3L8H6H, STM32H7R3R8V6, STM32H7R3V8H6, STM32H7R3V8T6, STM32H7R3V8Y6TR, STM32H7R3Z8J6, STM32H7R3Z8T6, STM32H7R7A8I6, STM32H7R7I8K6, STM32H7R7I8T6, STM32H7R7L8H6, STM32H7R7L8H6H, STM32H7R7Z8J6, STM32H7S3A8I6, STM32H7S3I8K6, STM32H7S3I8T6, STM32H7S3L8H6, STM32H7S3L8H6H, STM32H7S3R8V6, STM32H7S3V8H6, STM32H7S3V8T6, STM32H7S3V8Y6TR, STM32H7S3Z8J6, STM32H7S3Z8T6, STM32H7S78-DK, STM32H7S7A8I6, STM32H7S7I8K6, STM32H7S7I8T6, STM32H7S7L8H6, STM32H7S7L8H6H, STM32H7S7Z8J6, STM32L4R5QGI6STR, STM32MP131AAE3, STM32MP131AAF3, STM32MP131AAG3, STM32MP131CAE3, STM32MP131CAF3, STM32MP131CAG3, STM32MP131DAE7, STM32MP131DAF7, STM32MP131DAG7, STM32MP131FAE7, STM32MP131FAF7, STM32MP131FAG7, STM32MP133AAE3, STM32MP133AAF3, STM32MP133AAG3, STM32MP133CAE3, STM32MP133CAF3, STM32MP133CAG3, STM32MP133DAE7, STM32MP133DAF7, STM32MP133DAG7, STM32MP133FAE7, STM32MP133FAF7, STM32MP133FAG7, STM32MP135AAE3, STM32MP135AAF3, STM32MP135AAG3, STM32MP135CAE3, STM32MP135CAF3, STM32MP135CAG3, STM32MP135DAE7, STM32MP135DAF7, STM32MP135DAG7, STM32MP135F-DK, STM32MP135FAE7, STM32MP135FAF7, STM32MP135FAF7T, STM32MP135FAF7U, STM32MP135FAG7, STM32MP211AAL3, STM32MP211AAM3, STM32MP211AAN3, STM32MP211AAO3, STM32MP211CAL3, STM32MP211CAM3, STM32MP211CAN3, STM32MP211CAO3, STM32MP211DAL3, STM32MP211DAM3, STM32MP211DAN3, STM32MP211DAO3, STM32MP211FAL3, STM32MP211FAM3, STM32MP211FAN3, STM32MP211FAO3, STM32MP213AAL3, STM32MP213AAM3, STM32MP213AAN3, STM32MP213AAO3, STM32MP213CAL3, STM32MP213CAM3, STM32MP213CAN3, STM32MP213CAO3, STM32MP213DAL3, STM32MP213DAM3, STM32MP213DAN3, STM32MP213DAO3, STM32MP213FAL3, STM32MP213FAM3, STM32MP213FAN3, STM32MP213FAO3, STM32MP215AAL3, STM32MP215AAM3, STM32MP215AAN3, STM32MP215AAO3, STM32MP215CAL3, STM32MP215CAM3, STM32MP215CAN3, STM32MP215CAO3, STM32MP215DAL3, STM32MP215DAM3, STM32MP215DAN3, STM32MP215DAO3, STM32MP215F-DK, STM32MP215FAL3, STM32MP215FAM3, STM32MP215FAN3, STM32MP215FAO3, STM32MP231AAJ3, STM32MP231AAK3, STM32MP231AAL3, STM32MP231CAJ3, STM32MP231CAK3, STM32MP231CAL3, STM32MP231DAJ3, STM32MP231DAK3, STM32MP231DAL3, STM32MP231FAJ3, STM32MP231FAK3, STM32MP231FAL3, STM32MP233AAJ3, STM32MP233AAK3, STM32MP233AAL3, STM32MP233CAJ3, STM32MP233CAK3, STM32MP233CAL3, STM32MP233DAJ3, STM32MP233DAK3, STM32MP233DAL3, STM32MP233FAJ3, STM32MP233FAK3, STM32MP233FAL3, STM32MP235AAJ3, STM32MP235AAK3, STM32MP235AAL3, STM32MP235CAJ3, STM32MP235CAK3, STM32MP235CAL3, STM32MP235DAJ3, STM32MP235DAK3, STM32MP235DAL3, STM32MP235FAJ3, STM32MP235FAK3, STM32MP235FAL3, STM32MP251AAI3, STM32MP251AAK3, STM32MP251AAL3, STM32MP251CAI3, STM32MP251CAK3, STM32MP251CAL3, STM32MP251DAI3, STM32MP251DAK3, STM32MP251DAL3, STM32MP251FAI3, STM32MP251FAK3, STM32MP251FAL3, STM32MP253AAI3, STM32MP253AAK3, STM32MP253AAL3, STM32MP253CAI3, STM32MP253CAK3, STM32MP253CAL3, STM32MP253DAI3, STM32MP253DAK3, STM32MP253DAL3, STM32MP253FAI3, STM32MP253FAK3, STM32MP253FAL3, STM32MP255AAI3, STM32MP255AAK3, STM32MP255AAL3, STM32MP255CAI3, STM32MP255CAK3, STM32MP255CAL3, STM32MP255DAI3, STM32MP255DAK3, STM32MP255DAL3, STM32MP255FAI3, STM32MP255FAK3, STM32MP255FAL3, STM32MP257AAI3, STM32MP257AAK3, STM32MP257AAL3, STM32MP257CAI3, STM32MP257CAK3, STM32MP257CAL3, STM32MP257DAI3, STM32MP257DAK3, STM32MP257DAL3, STM32MP257F-DK, STM32MP257F-EV1, STM32MP257FAI3, STM32MP257FAK3, STM32MP257FAL3, STM32N645A0H3Q, STM32N645B0H3Q, STM32N645I0H3Q, STM32N645L0H3Q, STM32N645X0H3Q, STM32N645Z0H3Q, STM32N647A0H3Q, STM32N647B0H3Q, STM32N647I0H3Q, STM32N647L0H3Q, STM32N647X0H3Q, STM32N647Z0H3Q, STM32N655A0H3Q, STM32N655B0H3Q, STM32N655I0H3Q, STM32N655L0H3Q, STM32N655X0H3Q, STM32N655Z0H3Q, STM32N6570-DK, STM32N657A0H3Q, STM32N657B0H3Q, STM32N657I0H3Q, STM32N657L0H3Q, STM32N657X0H3Q, STM32N657Z0H3Q, STM32U031C6T6, STM32U031C6U6, STM32U031C8T6, STM32U031C8U6, STM32U031F4P6, STM32U031F6P6, STM32U031F8P6, STM32U031G6Y6TR, STM32U031G8Y6TR, STM32U031K4U6, STM32U031K6U6, STM32U031K8U6, STM32U031R6I6, STM32U031R6T6, STM32U031R8I6, STM32U031R8T6, STM32U073C8T6, STM32U073C8U6, STM32U073CBT6, STM32U073CBU6, STM32U073CCT6, STM32U073CCU6, STM32U073H8Y6TR, STM32U073HBY6TR, STM32U073HCY6TR, STM32U073K8U6, STM32U073KBU6, STM32U073KCU6, STM32U073M8I6, STM32U073M8T6, STM32U073MBI6, STM32U073MBT6, STM32U073MCI6, STM32U073MCT6, STM32U073R8I6, STM32U073R8T6, STM32U073RBI6, STM32U073RBT6, STM32U073RCI6, STM32U073RCT6, STM32U083C-DK, STM32U083CCT6, STM32U083CCU6, STM32U083HCY6TR, STM32U083KCU6, STM32U083MCI6, STM32U083MCT6, STM32U083RCI6, STM32U083RCT6, STM32U375CET6, STM32U375CET6Q, STM32U375CEU6, STM32U375CEU6Q, STM32U375CEY6QTR, STM32U375CGT6, STM32U375CGT6Q, STM32U375CGU6, STM32U375CGU6Q, STM32U375CGY6QTR, STM32U375KEU6, STM32U375KGU6, STM32U375REI6, STM32U375REI6Q, STM32U375RET6, STM32U375RET6Q, STM32U375REY6GTR, STM32U375REY6QTR, STM32U375RGI6, STM32U375RGI6Q, STM32U375RGT6, STM32U375RGT6Q, STM32U375RGY6GTR, STM32U375RGY6QTR, STM32U375VEI6, STM32U375VEI6Q, STM32U375VET6, STM32U375VET6Q, STM32U375VGI6, STM32U375VGI6Q, STM32U375VGT6, STM32U375VGT6Q, STM32U385CGT6, STM32U385CGT6Q, STM32U385CGU6, STM32U385CGU6Q, STM32U385CGY6QTR, STM32U385KGU6, STM32U385RGI6, STM32U385RGI6Q, STM32U385RGT6, STM32U385RGT6Q, STM32U385RGY6GTR, STM32U385RGY6QTR, STM32U385VGI6, STM32U385VGI6Q, STM32U385VGT6, STM32U385VGT6Q, STM32U535CBT6, STM32U535CBT6Q, STM32U535CBU6, STM32U535CBU6Q, STM32U535CCT6, STM32U535CCT6Q, STM32U535CCU6, STM32U535CCU6Q, STM32U535CET6, STM32U535CET6Q, STM32U535CEU6, STM32U535CEU6Q, STM32U535JEY6QTR, STM32U535NCY6QTR, STM32U535NEY6QTR, STM32U535RBI6, STM32U535RBI6Q, STM32U535RBT6, STM32U535RBT6Q, STM32U535RCI6, STM32U535RCI6Q, STM32U535RCT6, STM32U535RCT6Q, STM32U535REI6, STM32U535REI6Q, STM32U535RET6, STM32U535RET6Q, STM32U535VCI6, STM32U535VCI6Q, STM32U535VCT6, STM32U535VCT6Q, STM32U535VEI6, STM32U535VEI6Q, STM32U535VET6, STM32U535VET6Q, STM32U545CET6, STM32U545CET6Q, STM32U545CEU6, STM32U545CEU6Q, STM32U545JEY6QTR, STM32U545NEY6QTR, STM32U545REI6, STM32U545REI6Q, STM32U545RET6, STM32U545RET6Q, STM32U545VEI6, STM32U545VEI6Q, STM32U545VET6, STM32U545VET6Q, STM32U595AIH6, STM32U595AIH6Q, STM32U595AJH6, STM32U595AJH6Q, STM32U595QII6, STM32U595QII6Q, STM32U595QJI6, STM32U595QJI6Q, STM32U595RIT6, STM32U595RIT6Q, STM32U595RJT6, STM32U595RJT6Q, STM32U595VIT6, STM32U595VIT6Q, STM32U595VJT6, STM32U595VJT6Q, STM32U595ZIT6, STM32U595ZIT6Q, STM32U595ZIY6QTR, STM32U595ZJT6, STM32U595ZJT6Q, STM32U595ZJY6QTR, STM32U599BJY6QTR, STM32U599NIH6Q, STM32U599NJH6Q, STM32U599VIT6Q, STM32U599VJT6, STM32U599VJT6Q, STM32U599ZIT6Q, STM32U599ZIY6QTR, STM32U599ZJT6Q, STM32U599ZJY6QTR, STM32U5A5AJH6, STM32U5A5AJH6Q, STM32U5A5QII3Q , STM32U5A5QJI6, STM32U5A5QJI6Q, STM32U5A5RJT6, STM32U5A5RJT6Q, STM32U5A5VJT6, STM32U5A5VJT6Q, STM32U5A5ZJT6, STM32U5A5ZJT6Q, STM32U5A5ZJY6QTR, STM32U5A9BJY6QTR, STM32U5A9J-DK, STM32U5A9NJH6Q, STM32U5A9VJT6Q, STM32U5A9ZJT6Q, STM32U5A9ZJY6QTR, STM32U5F7VIT6, STM32U5F7VIT6Q, STM32U5F7VJT6, STM32U5F7VJT6Q, STM32U5F9BJY6QTR, STM32U5F9NJH6Q, STM32U5F9VIT6Q, STM32U5F9VJT6Q, STM32U5F9ZIJ6QTR, STM32U5F9ZIT6Q, STM32U5F9ZJJ6QTR, STM32U5F9ZJT6Q, STM32U5G7VJT6, STM32U5G7VJT6Q, STM32U5G9BJY6QTR, STM32U5G9J-DK1, STM32U5G9J-DK2, STM32U5G9NJH6Q, STM32U5G9VJT6Q, STM32U5G9ZJJ6QTR, STM32U5G9ZJT6Q, STM32WB05KZV6TR, STM32WB05KZV7TR, STM32WB05TZF6TR, STM32WB05TZF7TR, STM32WB06CCF6TR, STM32WB06CCF7TR, STM32WB06CCV6TR, STM32WB06CCV7TR, STM32WB06KCV6TR, STM32WB06KCV7TR, STM32WB07CCF6TR, STM32WB07CCF7TR, STM32WB07CCV6TR, STM32WB07CCV7TR, STM32WB07KCV6TR, STM32WB07KCV7TR, STM32WB09KEV6TR, STM32WB09KEV7TR, STM32WB09TEF6TR, STM32WB09TEF7TR, STM32WB1MMCH6, STM32WBA50KGU6, STM32WBA50KGU6TR, STM32WBA52CEU6, STM32WBA52CEU6TR, STM32WBA52CEU7, STM32WBA52CEU7TR, STM32WBA52CGU6, STM32WBA52CGU6TR, STM32WBA52CGU6U, STM32WBA52CGU7, STM32WBA52CGU7TR, STM32WBA52KEU6, STM32WBA52KEU6TR, STM32WBA52KGU6, STM32WBA52KGU6TR, STM32WBA54CEU6, STM32WBA54CEU6TR, STM32WBA54CEU7, STM32WBA54CEU7TR, STM32WBA54CGU6, STM32WBA54CGU6TR, STM32WBA54CGU7, STM32WBA54CGU7TR, STM32WBA54KEU6, STM32WBA54KEU6TR, STM32WBA54KEU7, STM32WBA54KEU7TR, STM32WBA54KGU6, STM32WBA54KGU6TR, STM32WBA54KGU7, STM32WBA54KGU7TR, STM32WBA55CEU6, STM32WBA55CEU6TR, STM32WBA55CEU7, STM32WBA55CEU7TR, STM32WBA55CGU6, STM32WBA55CGU6TR, STM32WBA55CGU6U, STM32WBA55CGU7, STM32WBA55CGU7TR, STM32WBA55G-DK1, STM32WBA55HEF6, STM32WBA55HEF7, STM32WBA55HGF6, STM32WBA55HGF7, STM32WBA55UEI6, STM32WBA55UEI6TR, STM32WBA55UEI7, STM32WBA55UEI7TR, STM32WBA55UGI6, STM32WBA55UGI6TR, STM32WBA55UGI7, STM32WBA55UGI7TR, STM32WBA5MMGH6TR, STM32WBA62MGF6, STM32WBA62MIF6, STM32WBA65MGF7, STM32WBA65MIF6, STM32WBA65MIF7, STM32WL30K8V6, STM32WL30KBV6, STM32WL31C8V6, STM32WL31CBV6, STM32WL31K8V6, STM32WL31KBV6, STM32WL33C8V6, STM32WL33C8V6X, STM32WL33CBV6, STM32WL33CBV6X, STM32WL33CCV6, STM32WL33CCV6A, STM32WL33CCV6X, STM32WL33K8V7, STM32WL33K8V7X, STM32WL33KBV7 , STM32WL33KBV7X, STM32WL33KCV7, STM32WL33KCV7X, STM32WL5MOCH6, STM32WL5MOCH6TR]
2026-08-08 14:42:02,655 [INFO] ApiDb:668 - CubeFinder database Data Model version=2.1
2026-08-08 14:42:02,655 [INFO] ApiDb:669 - CubeFinder database Configuration version=3.0.42
2026-08-08 14:42:02,655 [INFO] ApiDb:670 - CubeFinder database generation date=2026-05-06 (1778060171)
2026-08-08 14:42:02,656 [INFO] ApiDb:671 - CubeFinder database FW Pack versions=[FP-ATR-ASTRA1_V2.0.0, FP-SNS-FLIGHT1_V5.1.0, FP-SNS-MOTENV1_V5.1.0, FP-SNS-MOTENVWB1_V1.5.0, FP-SNS-SMARTAG2_V1.2.0, FP-SNS-STBOX1_V2.1.0, STM32Cube_FW_C0_V1.4.0, STM32Cube_FW_F4_V1.28.3, STM32Cube_FW_F7_V1.17.4, STM32Cube_FW_G0_V1.6.3, STM32Cube_FW_G4_V1.6.2, STM32Cube_FW_H5_V1.6.0, STM32Cube_FW_H7RS_V1.3.0, STM32Cube_FW_H7_V1.13.0, STM32Cube_FW_L0_V1.12.2, STM32Cube_FW_L4_V1.18.2, STM32Cube_FW_L5_V1.6.0, STM32Cube_FW_N6_V1.3.0, STM32Cube_FW_U0_V1.3.0, STM32Cube_FW_U3_V1.3.0, STM32Cube_FW_U5_V1.8.0, STM32Cube_FW_WB0_V1.4.0, STM32Cube_FW_WBA_V1.9.0, STM32Cube_FW_WB_V1.24.0, STM32Cube_FW_WL3_V1.4.0, STM32Cube_FW_WL_V1.5.0, X-CUBE-ALGOBUILD_V1.4.0, X-CUBE-ALS_V1.0.2, X-CUBE-AZRTOS-F4_V1.1.0, X-CUBE-AZRTOS-F7_V1.1.0, X-CUBE-AZRTOS-G0_V1.1.0, X-CUBE-AZRTOS-G4_V2.0.0, X-CUBE-AZRTOS-H7RS_V1.1.0, X-CUBE-AZRTOS-H7_V3.5.0, X-CUBE-AZRTOS-L4_V2.0.0, X-CUBE-AZRTOS-L5_V2.0.0, X-CUBE-AZRTOS-WB_V2.0.0, X-CUBE-AZRTOS-WL_V2.0.0, X-CUBE-BLE1_V7.1.0, X-CUBE-BLE2_V3.3.0, X-CUBE-BLEMGR_V4.1.0, X-CUBE-EEPRMA1_V5.2.0, X-CUBE-FREERTOS_V1.5.0, X-CUBE-GNSS1_V6.0.0, X-CUBE-MEMS1_V12.0.0, X-CUBE-NFC4_V3.0.0, X-CUBE-NFC7_V2.0.0, X-CUBE-SFXS2LP1_V4.0.0, X-CUBE-ST67W61_V1.2.0, X-CUBE-SUBG2_V5.0.0, X-CUBE-TOF1_V3.4.3]
2026-08-08 14:42:04,173 [INFO] ApiDb:240 - Found 880 in-development CPN: [B-G473E-ZEST1S, B-WB1M-WPAN1, B-WBA5M-WPAN, B-WL5M-SUBG1, NUCLEO-C031C6, NUCLEO-C051C8, NUCLEO-C071RB, NUCLEO-C092RC, NUCLEO-H503RB, NUCLEO-H533RE, NUCLEO-H563ZI, NUCLEO-H7S3L8, NUCLEO-N657X0-Q, NUCLEO-U031R8, NUCLEO-U083RC, NUCLEO-U385RG-Q, NUCLEO-U545RE-Q, NUCLEO-U5A5ZJ-Q, NUCLEO-WB05KZ, NUCLEO-WB07CC, NUCLEO-WB09KE, NUCLEO-WBA52CG, NUCLEO-WBA55CG, NUCLEO-WL33CC1, NUCLEO-WL33CC2, STEVAL-PROTEUS1, STEVAL-SMARTAG2, STEVAL-STWINBX1, STM320518-EVAL, STM32C0116-DK, STM32C011D6Y3TR, STM32C011D6Y6TR, STM32C011F4P3, STM32C011F4P6, STM32C011F4U3, STM32C011F4U6TR, STM32C011F6P3, STM32C011F6P6, STM32C011F6U3, STM32C011F6U6TR, STM32C011J4M3, STM32C011J4M6, STM32C011J6M3, STM32C011J6M6, STM32C0316-DK, STM32C031C4T3, STM32C031C4T6, STM32C031C4U3, STM32C031C4U6, STM32C031C6T3, STM32C031C6T6, STM32C031C6U3, STM32C031C6U6, STM32C031F4P3, STM32C031F4P6, STM32C031F6P3, STM32C031F6P6, STM32C031G4U3, STM32C031G4U6, STM32C031G6U3, STM32C031G6U6, STM32C031K4T3, STM32C031K4T6, STM32C031K4U3, STM32C031K4U6, STM32C031K6T3, STM32C031K6T6, STM32C031K6U3, STM32C031K6U6, STM32C051C6T6, STM32C051C6U6, STM32C051C8T6, STM32C051C8U6, STM32C051D8Y6TR, STM32C051F6P6, STM32C051F8P6, STM32C051G6U6, STM32C051G8U6, STM32C051K6T6, STM32C051K6U6, STM32C051K8T6, STM32C071C8T6, STM32C071C8T6N, STM32C071C8U6, STM32C071C8U6N, STM32C071CBT6, STM32C071CBT6N, STM32C071CBU6, STM32C071CBU6N, STM32C071F8P6, STM32C071F8P6N, STM32C071FBP6, STM32C071FBP6N, STM32C071FBY6TR, STM32C071G8U6, STM32C071G8U6N, STM32C071GBU6, STM32C071GBU6N, STM32C071K8T6, STM32C071K8T6N, STM32C071K8U6, STM32C071K8U6N, STM32C071KBT6, STM32C071KBT6N, STM32C071KBU6, STM32C071KBU6N, STM32C071R8T6, STM32C071R8T6N, STM32C071RBI6N, STM32C071RBT6, STM32C071RBT6N, STM32C091CBT6, STM32C091CBU6, STM32C091CCT6, STM32C091CCU6, STM32C091ECY6TR, STM32C091FBP6, STM32C091FCP6, STM32C091GBU6, STM32C091GCU6, STM32C091KBT6, STM32C091KBU6, STM32C091KCT6, STM32C091KCU6, STM32C091RBT6, STM32C091RCI6, STM32C091RCT6, STM32C092CBT6, STM32C092CBU6, STM32C092CCT6, STM32C092CCU6, STM32C092ECY6TR, STM32C092FBP6, STM32C092FCP6, STM32C092GBU6, STM32C092GCU6, STM32C092KBT6, STM32C092KBU6, STM32C092KCT6, STM32C092KCU6, STM32C092RBT6, STM32C092RCI6, STM32C092RCT6, STM32G071K8TXN, STM32G071K8UXN, STM32G081GBU6N, STM32G081KBT6N, STM32G081KBUXN, STM32G0B1CCT6N, STM32G0B1KCT6, STM32G0B1NEY6TR, STM32G0B1RCT6N, STM32G0C1CCT6, STM32G0C1CCT6N, STM32G0C1CCU6N, STM32G0C1CET6N, STM32G0C1CEU6N, STM32G0C1KCT6, STM32G0C1NEY6TR, STM32G0C1RCI6N, STM32G0C1RCT6N, STM32G0C1REI6N, STM32G0C1RET6N, STM32G0C1VCI6, STM32G0C1VEI6, STM32G411C6T3, STM32G411C6T6, STM32G411C6U3, STM32G411C6U6, STM32G411C8T3, STM32G411C8T6, STM32G411C8U3, STM32G411C8U6, STM32G411CBT3, STM32G411CBT6, STM32G411CBU3, STM32G411CBU6, STM32G411K6T3, STM32G411K6T6, STM32G411K6U3, STM32G411K6U6, STM32G411K8T3, STM32G411K8T6, STM32G411K8U3, STM32G411K8U6, STM32G411KBT3, STM32G411KBT6, STM32G411KBU3, STM32G411KBU6, STM32G411M6T3, STM32G411M6T6, STM32G411M8T3, STM32G411M8T6, STM32G411MBT3, STM32G411MBT6, STM32G411R6T3, STM32G411R6T6, STM32G411R8T3, STM32G411R8T6, STM32G411RBT3, STM32G411RBT6, STM32G414CBT3, STM32G414CBT6, STM32G414CBU3, STM32G414CBU6, STM32G414CCT3, STM32G414CCT6, STM32G414CCU3, STM32G414CCU6, STM32G414MBT3, STM32G414MBT6, STM32G414MCT3, STM32G414MCT6, STM32G414RBT3, STM32G414RBT6, STM32G414RCT3, STM32G414RCT6, STM32G414VBT3, STM32G414VBT6, STM32G414VCT3, STM32G414VCT6, STM32G431CBT3Z, STM32G431RBT3Z, STM32G471CCT6, STM32G471CCU6, STM32G471CET3, STM32G471CET6, STM32G471CEU3, STM32G471CEU6, STM32G471MCT6, STM32G471MET3, STM32G471MET6, STM32G471MEY6TR, STM32G471QCT6, STM32G471QET3, STM32G471RCT6, STM32G471RET3, STM32G471RET6, STM32G471VCH6, STM32G471VCI6, STM32G471VCT6, STM32G471VEH3, STM32G471VEH6, STM32G471VEI3, STM32G471VEI6, STM32G471VET3, STM32G471VET6, STM32G473QET3Z, STM32G473RET3Z, STM32G474CCT6, STM32G491RET3Z, STM32H503CBT6, STM32H503CBU6, STM32H503EBY6TR, STM32H503KBU6, STM32H503RBT6, STM32H523CCT6, STM32H523CCU6, STM32H523CET6, STM32H523CEU6, STM32H523HEY6TR, STM32H523RCT6, STM32H523RET6, STM32H523VCI6, STM32H523VCT6, STM32H523VEI6, STM32H523VET6, STM32H523ZCJ6, STM32H523ZCT6, STM32H523ZEJ6, STM32H523ZET6, STM32H533CET6, STM32H533CEU6, STM32H533HEY6TR, STM32H533RET6, STM32H533VEI6, STM32H533VET6, STM32H533ZEJ6, STM32H533ZET6, STM32H562AGI6, STM32H562AII6, STM32H562IGK6, STM32H562IGT6, STM32H562IIK6, STM32H562IIT6, STM32H562RGT6, STM32H562RGV6, STM32H562RIT6, STM32H562RIV6, STM32H562VGT6, STM32H562VIT6, STM32H562ZGT6, STM32H562ZIT6, STM32H563AGI6, STM32H563AII3Q, STM32H563AII6, STM32H563IGK6, STM32H563IGT6, STM32H563IIK3Q, STM32H563IIK6, STM32H563IIT3Q, STM32H563IIT6, STM32H563MIY3QTR, STM32H563RGT6, STM32H563RGV6, STM32H563RIT6, STM32H563RIV6, STM32H563VGT6, STM32H563VIT3Q, STM32H563VIT6, STM32H563ZGT6, STM32H563ZIT3Q, STM32H563ZIT6, STM32H573AII3Q, STM32H573AII6, STM32H573I-DK, STM32H573IIK3Q, STM32H573IIK6, STM32H573IIT3Q, STM32H573IIT6, STM32H573MIY3QTR, STM32H573RIT6, STM32H573RIV6, STM32H573VIT3Q, STM32H573VIT6, STM32H573ZIT3Q, STM32H573ZIT6, STM32H7R3A8I6, STM32H7R3I8K6, STM32H7R3I8T6, STM32H7R3L8H6, STM32H7R3L8H6H, STM32H7R3R8V6, STM32H7R3V8H6, STM32H7R3V8T6, STM32H7R3V8Y6TR, STM32H7R3Z8J6, STM32H7R3Z8T6, STM32H7R7A8I6, STM32H7R7I8K6, STM32H7R7I8T6, STM32H7R7L8H6, STM32H7R7L8H6H, STM32H7R7Z8J6, STM32H7S3A8I6, STM32H7S3I8K6, STM32H7S3I8T6, STM32H7S3L8H6, STM32H7S3L8H6H, STM32H7S3R8V6, STM32H7S3V8H6, STM32H7S3V8T6, STM32H7S3V8Y6TR, STM32H7S3Z8J6, STM32H7S3Z8T6, STM32H7S78-DK, STM32H7S7A8I6, STM32H7S7I8K6, STM32H7S7I8T6, STM32H7S7L8H6, STM32H7S7L8H6H, STM32H7S7Z8J6, STM32L4R5QGI6STR, STM32MP131AAE3, STM32MP131AAF3, STM32MP131AAG3, STM32MP131CAE3, STM32MP131CAF3, STM32MP131CAG3, STM32MP131DAE7, STM32MP131DAF7, STM32MP131DAG7, STM32MP131FAE7, STM32MP131FAF7, STM32MP131FAG7, STM32MP133AAE3, STM32MP133AAF3, STM32MP133AAG3, STM32MP133CAE3, STM32MP133CAF3, STM32MP133CAG3, STM32MP133DAE7, STM32MP133DAF7, STM32MP133DAG7, STM32MP133FAE7, STM32MP133FAF7, STM32MP133FAG7, STM32MP135AAE3, STM32MP135AAF3, STM32MP135AAG3, STM32MP135CAE3, STM32MP135CAF3, STM32MP135CAG3, STM32MP135DAE7, STM32MP135DAF7, STM32MP135DAG7, STM32MP135F-DK, STM32MP135FAE7, STM32MP135FAF7, STM32MP135FAF7T, STM32MP135FAF7U, STM32MP135FAG7, STM32MP211AAL3, STM32MP211AAM3, STM32MP211AAN3, STM32MP211AAO3, STM32MP211CAL3, STM32MP211CAM3, STM32MP211CAN3, STM32MP211CAO3, STM32MP211DAL3, STM32MP211DAM3, STM32MP211DAN3, STM32MP211DAO3, STM32MP211FAL3, STM32MP211FAM3, STM32MP211FAN3, STM32MP211FAO3, STM32MP213AAL3, STM32MP213AAM3, STM32MP213AAN3, STM32MP213AAO3, STM32MP213CAL3, STM32MP213CAM3, STM32MP213CAN3, STM32MP213CAO3, STM32MP213DAL3, STM32MP213DAM3, STM32MP213DAN3, STM32MP213DAO3, STM32MP213FAL3, STM32MP213FAM3, STM32MP213FAN3, STM32MP213FAO3, STM32MP215AAL3, STM32MP215AAM3, STM32MP215AAN3, STM32MP215AAO3, STM32MP215CAL3, STM32MP215CAM3, STM32MP215CAN3, STM32MP215CAO3, STM32MP215DAL3, STM32MP215DAM3, STM32MP215DAN3, STM32MP215DAO3, STM32MP215F-DK, STM32MP215FAL3, STM32MP215FAM3, STM32MP215FAN3, STM32MP215FAO3, STM32MP231AAJ3, STM32MP231AAK3, STM32MP231AAL3, STM32MP231CAJ3, STM32MP231CAK3, STM32MP231CAL3, STM32MP231DAJ3, STM32MP231DAK3, STM32MP231DAL3, STM32MP231FAJ3, STM32MP231FAK3, STM32MP231FAL3, STM32MP233AAJ3, STM32MP233AAK3, STM32MP233AAL3, STM32MP233CAJ3, STM32MP233CAK3, STM32MP233CAL3, STM32MP233DAJ3, STM32MP233DAK3, STM32MP233DAL3, STM32MP233FAJ3, STM32MP233FAK3, STM32MP233FAL3, STM32MP235AAJ3, STM32MP235AAK3, STM32MP235AAL3, STM32MP235CAJ3, STM32MP235CAK3, STM32MP235CAL3, STM32MP235DAJ3, STM32MP235DAK3, STM32MP235DAL3, STM32MP235FAJ3, STM32MP235FAK3, STM32MP235FAL3, STM32MP251AAI3, STM32MP251AAK3, STM32MP251AAL3, STM32MP251CAI3, STM32MP251CAK3, STM32MP251CAL3, STM32MP251DAI3, STM32MP251DAK3, STM32MP251DAL3, STM32MP251FAI3, STM32MP251FAK3, STM32MP251FAL3, STM32MP253AAI3, STM32MP253AAK3, STM32MP253AAL3, STM32MP253CAI3, STM32MP253CAK3, STM32MP253CAL3, STM32MP253DAI3, STM32MP253DAK3, STM32MP253DAL3, STM32MP253FAI3, STM32MP253FAK3, STM32MP253FAL3, STM32MP255AAI3, STM32MP255AAK3, STM32MP255AAL3, STM32MP255CAI3, STM32MP255CAK3, STM32MP255CAL3, STM32MP255DAI3, STM32MP255DAK3, STM32MP255DAL3, STM32MP255FAI3, STM32MP255FAK3, STM32MP255FAL3, STM32MP257AAI3, STM32MP257AAK3, STM32MP257AAL3, STM32MP257CAI3, STM32MP257CAK3, STM32MP257CAL3, STM32MP257DAI3, STM32MP257DAK3, STM32MP257DAL3, STM32MP257F-DK, STM32MP257F-EV1, STM32MP257FAI3, STM32MP257FAK3, STM32MP257FAL3, STM32N645A0H3Q, STM32N645B0H3Q, STM32N645I0H3Q, STM32N645L0H3Q, STM32N645X0H3Q, STM32N645Z0H3Q, STM32N647A0H3Q, STM32N647B0H3Q, STM32N647I0H3Q, STM32N647L0H3Q, STM32N647X0H3Q, STM32N647Z0H3Q, STM32N655A0H3Q, STM32N655B0H3Q, STM32N655I0H3Q, STM32N655L0H3Q, STM32N655X0H3Q, STM32N655Z0H3Q, STM32N6570-DK, STM32N657A0H3Q, STM32N657B0H3Q, STM32N657I0H3Q, STM32N657L0H3Q, STM32N657X0H3Q, STM32N657Z0H3Q, STM32U031C6T6, STM32U031C6U6, STM32U031C8T6, STM32U031C8U6, STM32U031F4P6, STM32U031F6P6, STM32U031F8P6, STM32U031G6Y6TR, STM32U031G8Y6TR, STM32U031K4U6, STM32U031K6U6, STM32U031K8U6, STM32U031R6I6, STM32U031R6T6, STM32U031R8I6, STM32U031R8T6, STM32U073C8T6, STM32U073C8U6, STM32U073CBT6, STM32U073CBU6, STM32U073CCT6, STM32U073CCU6, STM32U073H8Y6TR, STM32U073HBY6TR, STM32U073HCY6TR, STM32U073K8U6, STM32U073KBU6, STM32U073KCU6, STM32U073M8I6, STM32U073M8T6, STM32U073MBI6, STM32U073MBT6, STM32U073MCI6, STM32U073MCT6, STM32U073R8I6, STM32U073R8T6, STM32U073RBI6, STM32U073RBT6, STM32U073RCI6, STM32U073RCT6, STM32U083C-DK, STM32U083CCT6, STM32U083CCU6, STM32U083HCY6TR, STM32U083KCU6, STM32U083MCI6, STM32U083MCT6, STM32U083RCI6, STM32U083RCT6, STM32U375CET6, STM32U375CET6Q, STM32U375CEU6, STM32U375CEU6Q, STM32U375CEY6QTR, STM32U375CGT6, STM32U375CGT6Q, STM32U375CGU6, STM32U375CGU6Q, STM32U375CGY6QTR, STM32U375KEU6, STM32U375KGU6, STM32U375REI6, STM32U375REI6Q, STM32U375RET6, STM32U375RET6Q, STM32U375REY6GTR, STM32U375REY6QTR, STM32U375RGI6, STM32U375RGI6Q, STM32U375RGT6, STM32U375RGT6Q, STM32U375RGY6GTR, STM32U375RGY6QTR, STM32U375VEI6, STM32U375VEI6Q, STM32U375VET6, STM32U375VET6Q, STM32U375VGI6, STM32U375VGI6Q, STM32U375VGT6, STM32U375VGT6Q, STM32U385CGT6, STM32U385CGT6Q, STM32U385CGU6, STM32U385CGU6Q, STM32U385CGY6QTR, STM32U385KGU6, STM32U385RGI6, STM32U385RGI6Q, STM32U385RGT6, STM32U385RGT6Q, STM32U385RGY6GTR, STM32U385RGY6QTR, STM32U385VGI6, STM32U385VGI6Q, STM32U385VGT6, STM32U385VGT6Q, STM32U535CBT6, STM32U535CBT6Q, STM32U535CBU6, STM32U535CBU6Q, STM32U535CCT6, STM32U535CCT6Q, STM32U535CCU6, STM32U535CCU6Q, STM32U535CET6, STM32U535CET6Q, STM32U535CEU6, STM32U535CEU6Q, STM32U535JEY6QTR, STM32U535NCY6QTR, STM32U535NEY6QTR, STM32U535RBI6, STM32U535RBI6Q, STM32U535RBT6, STM32U535RBT6Q, STM32U535RCI6, STM32U535RCI6Q, STM32U535RCT6, STM32U535RCT6Q, STM32U535REI6, STM32U535REI6Q, STM32U535RET6, STM32U535RET6Q, STM32U535VCI6, STM32U535VCI6Q, STM32U535VCT6, STM32U535VCT6Q, STM32U535VEI6, STM32U535VEI6Q, STM32U535VET6, STM32U535VET6Q, STM32U545CET6, STM32U545CET6Q, STM32U545CEU6, STM32U545CEU6Q, STM32U545JEY6QTR, STM32U545NEY6QTR, STM32U545REI6, STM32U545REI6Q, STM32U545RET6, STM32U545RET6Q, STM32U545VEI6, STM32U545VEI6Q, STM32U545VET6, STM32U545VET6Q, STM32U595AIH6, STM32U595AIH6Q, STM32U595AJH6, STM32U595AJH6Q, STM32U595QII6, STM32U595QII6Q, STM32U595QJI6, STM32U595QJI6Q, STM32U595RIT6, STM32U595RIT6Q, STM32U595RJT6, STM32U595RJT6Q, STM32U595VIT6, STM32U595VIT6Q, STM32U595VJT6, STM32U595VJT6Q, STM32U595ZIT6, STM32U595ZIT6Q, STM32U595ZIY6QTR, STM32U595ZJT6, STM32U595ZJT6Q, STM32U595ZJY6QTR, STM32U599BJY6QTR, STM32U599NIH6Q, STM32U599NJH6Q, STM32U599VIT6Q, STM32U599VJT6, STM32U599VJT6Q, STM32U599ZIT6Q, STM32U599ZIY6QTR, STM32U599ZJT6Q, STM32U599ZJY6QTR, STM32U5A5AJH6, STM32U5A5AJH6Q, STM32U5A5QII3Q , STM32U5A5QJI6, STM32U5A5QJI6Q, STM32U5A5RJT6, STM32U5A5RJT6Q, STM32U5A5VJT6, STM32U5A5VJT6Q, STM32U5A5ZJT6, STM32U5A5ZJT6Q, STM32U5A5ZJY6QTR, STM32U5A9BJY6QTR, STM32U5A9J-DK, STM32U5A9NJH6Q, STM32U5A9VJT6Q, STM32U5A9ZJT6Q, STM32U5A9ZJY6QTR, STM32U5F7VIT6, STM32U5F7VIT6Q, STM32U5F7VJT6, STM32U5F7VJT6Q, STM32U5F9BJY6QTR, STM32U5F9NJH6Q, STM32U5F9VIT6Q, STM32U5F9VJT6Q, STM32U5F9ZIJ6QTR, STM32U5F9ZIT6Q, STM32U5F9ZJJ6QTR, STM32U5F9ZJT6Q, STM32U5G7VJT6, STM32U5G7VJT6Q, STM32U5G9BJY6QTR, STM32U5G9J-DK1, STM32U5G9J-DK2, STM32U5G9NJH6Q, STM32U5G9VJT6Q, STM32U5G9ZJJ6QTR, STM32U5G9ZJT6Q, STM32WB05KZV6TR, STM32WB05KZV7TR, STM32WB05TZF6TR, STM32WB05TZF7TR, STM32WB06CCF6TR, STM32WB06CCF7TR, STM32WB06CCV6TR, STM32WB06CCV7TR, STM32WB06KCV6TR, STM32WB06KCV7TR, STM32WB07CCF6TR, STM32WB07CCF7TR, STM32WB07CCV6TR, STM32WB07CCV7TR, STM32WB07KCV6TR, STM32WB07KCV7TR, STM32WB09KEV6TR, STM32WB09KEV7TR, STM32WB09TEF6TR, STM32WB09TEF7TR, STM32WB1MMCH6, STM32WBA50KGU6, STM32WBA50KGU6TR, STM32WBA52CEU6, STM32WBA52CEU6TR, STM32WBA52CEU7, STM32WBA52CEU7TR, STM32WBA52CGU6, STM32WBA52CGU6TR, STM32WBA52CGU6U, STM32WBA52CGU7, STM32WBA52CGU7TR, STM32WBA52KEU6, STM32WBA52KEU6TR, STM32WBA52KGU6, STM32WBA52KGU6TR, STM32WBA54CEU6, STM32WBA54CEU6TR, STM32WBA54CEU7, STM32WBA54CEU7TR, STM32WBA54CGU6, STM32WBA54CGU6TR, STM32WBA54CGU7, STM32WBA54CGU7TR, STM32WBA54KEU6, STM32WBA54KEU6TR, STM32WBA54KEU7, STM32WBA54KEU7TR, STM32WBA54KGU6, STM32WBA54KGU6TR, STM32WBA54KGU7, STM32WBA54KGU7TR, STM32WBA55CEU6, STM32WBA55CEU6TR, STM32WBA55CEU7, STM32WBA55CEU7TR, STM32WBA55CGU6, STM32WBA55CGU6TR, STM32WBA55CGU6U, STM32WBA55CGU7, STM32WBA55CGU7TR, STM32WBA55G-DK1, STM32WBA55HEF6, STM32WBA55HEF7, STM32WBA55HGF6, STM32WBA55HGF7, STM32WBA55UEI6, STM32WBA55UEI6TR, STM32WBA55UEI7, STM32WBA55UEI7TR, STM32WBA55UGI6, STM32WBA55UGI6TR, STM32WBA55UGI7, STM32WBA55UGI7TR, STM32WBA5MMGH6TR, STM32WBA62MGF6, STM32WBA62MIF6, STM32WBA65MGF7, STM32WBA65MIF6, STM32WBA65MIF7, STM32WL30K8V6, STM32WL30KBV6, STM32WL31C8V6, STM32WL31CBV6, STM32WL31K8V6, STM32WL31KBV6, STM32WL33C8V6, STM32WL33C8V6X, STM32WL33CBV6, STM32WL33CBV6X, STM32WL33CCV6, STM32WL33CCV6A, STM32WL33CCV6X, STM32WL33K8V7, STM32WL33K8V7X, STM32WL33KBV7 , STM32WL33KBV7X, STM32WL33KCV7, STM32WL33KCV7X, STM32WL5MOCH6, STM32WL5MOCH6TR]
2026-08-08 14:42:04,184 [INFO] DbMcus:218 - Found 5086 MCUs, 4968 are supported
2026-08-08 14:42:04,185 [INFO] ApiDb:423 - Load user favorites file /Users/usuario/.stm32cubeide/favorites.mcus.txt: 0 item(s)
2026-08-08 14:42:04,185 [INFO] ApiDb:427 - User favorites MCUs=[]
2026-08-08 14:42:04,185 [INFO] DbMcus:224 - Set 0 / 0 favorites MCUs
2026-08-08 14:42:04,972 [INFO] BoardInfo:889 - No configuration file found for board NUCLEO-H5E5ZJ
2026-08-08 14:42:04,984 [INFO] DbBoards:161 - Board is not supported: NUCLEO-H5E5ZJ
2026-08-08 14:42:05,019 [INFO] BoardInfo:889 - No configuration file found for board NUCLEO-U3C5ZI-Q
2026-08-08 14:42:05,019 [INFO] DbBoards:161 - Board is not supported: NUCLEO-U3C5ZI-Q
2026-08-08 14:42:05,028 [INFO] BoardInfo:889 - No configuration file found for board NUCLEO-WBA25CE1
2026-08-08 14:42:05,028 [INFO] DbBoards:161 - Board is not supported: NUCLEO-WBA25CE1
2026-08-08 14:42:05,034 [INFO] BoardInfo:889 - No configuration file found for board NUCLEO-WL3RKB1
2026-08-08 14:42:05,034 [INFO] DbBoards:161 - Board is not supported: NUCLEO-WL3RKB1
2026-08-08 14:42:05,035 [INFO] BoardInfo:889 - No configuration file found for board NUCLEO-WL3RKB2
2026-08-08 14:42:05,035 [INFO] DbBoards:161 - Board is not supported: NUCLEO-WL3RKB2
2026-08-08 14:42:05,041 [INFO] BoardInfo:889 - No configuration file found for board P-NUCLEO-WB55
2026-08-08 14:42:05,044 [INFO] DbBoards:161 - Kit is not supported: P-NUCLEO-WB55
2026-08-08 14:42:05,051 [INFO] BoardInfo:889 - No configuration file found for board STEVAL-BFA001V1B
2026-08-08 14:42:05,053 [INFO] DbBoards:161 - Kit is not supported: STEVAL-BFA001V1B
2026-08-08 14:42:05,055 [INFO] BoardInfo:889 - No configuration file found for board STEVAL-BFA001V2B
2026-08-08 14:42:05,056 [INFO] DbBoards:161 - Kit is not supported: STEVAL-BFA001V2B
2026-08-08 14:42:05,136 [INFO] BoardInfo:889 - No configuration file found for board STM32H5F5J-DK
2026-08-08 14:42:05,137 [INFO] DbBoards:161 - Board is not supported: STM32H5F5J-DK
2026-08-08 14:42:05,184 [INFO] DbBoards:168 - Found 218 boards, 209 are supported
2026-08-08 14:42:05,185 [INFO] DbBoards:169 - Found 218 boards, 43 of them is supported for  Bsp
2026-08-08 14:42:05,198 [INFO] ApiDb:423 - Load user favorites file /Users/usuario/.stm32cubeide/favorites.boards.txt: 1 item(s)
2026-08-08 14:42:05,200 [INFO] ApiDb:427 - User favorites Boards=[NUCLEO-F446RE]
2026-08-08 14:42:05,200 [INFO] DbBoards:198 - Set 1 / 1 favorites Boards
2026-08-08 14:42:05,362 [INFO] UtilMem:75 - End LoadConfig() Used Memory: 277757568 Bytes (339738624)
2026-08-08 14:42:06,241 [WARN] ThirdParty:833 - waiting for thirdparty lock release [change project]
2026-08-08 14:42:06,253 [INFO] ThirdParty:835 - entering critical section [change project]
2026-08-08 14:42:06,254 [INFO] ThirdParty:1030 - CMSIS Pack Vendor :STMicroelectronics X-CUBE-PM33A1 1.0.0
2026-08-08 14:42:06,254 [INFO] ThirdParty:1030 - CMSIS Pack Vendor :STMicroelectronics USBPD 4.1
2026-08-08 14:42:06,254 [INFO] ThirdParty:1030 - CMSIS Pack Vendor :STMicroelectronics X-CUBE-NFC9 1.0.0
2026-08-08 14:42:06,254 [INFO] ThirdParty:1030 - CMSIS Pack Vendor :STMicroelectronics USB_HOST 2.0.0
2026-08-08 14:42:06,254 [INFO] ThirdParty:1030 - CMSIS Pack Vendor :STMicroelectronics FP-SNS-MOTENVWB1 1.4.0
2026-08-08 14:42:06,254 [INFO] ThirdParty:1030 - CMSIS Pack Vendor :STMicroelectronics X-CUBE-AZRTOS-F4 1.1.0
2026-08-08 14:42:06,254 [INFO] ThirdParty:1030 - CMSIS Pack Vendor :STMicroelectronics LIBJPEG 8.0.0
2026-08-08 14:42:06,254 [INFO] ThirdParty:1030 - CMSIS Pack Vendor :STMicroelectronics FP-ATR-ASTRA1 2.0.2
2026-08-08 14:42:06,254 [INFO] ThirdParty:1030 - CMSIS Pack Vendor :STMicroelectronics X-CUBE-BLE1 7.1.0
2026-08-08 14:42:06,254 [INFO] ThirdParty:1030 - CMSIS Pack Vendor :STMicroelectronics X-CUBE-SMBUS 2.1.0
2026-08-08 14:42:06,254 [INFO] ThirdParty:1030 - CMSIS Pack Vendor :STMicroelectronics USB_DEVICE 3.0.0
2026-08-08 14:42:06,254 [INFO] ThirdParty:1030 - CMSIS Pack Vendor :STMicroelectronics X-CUBE-ISPU 2.1.0
2026-08-08 14:42:06,254 [INFO] ThirdParty:1030 - CMSIS Pack Vendor :STMicroelectronics X-CUBE-FREERTOS 1.4.0
2026-08-08 14:42:06,254 [INFO] ThirdParty:1030 - CMSIS Pack Vendor :STMicroelectronics X-CUBE-BLEMGR 4.1.0
2026-08-08 14:42:06,254 [INFO] ThirdParty:1030 - CMSIS Pack Vendor :STMicroelectronics X-CUBE-AZRTOS-WB 2.0.0
2026-08-08 14:42:06,254 [INFO] ThirdParty:1030 - CMSIS Pack Vendor :STMicroelectronics X-CUBE-AZRTOS-F7 1.1.0
2026-08-08 14:42:06,254 [INFO] ThirdParty:1030 - CMSIS Pack Vendor :STMicroelectronics X-CUBE-AZRTOS-L5 2.0.0
2026-08-08 14:42:06,255 [INFO] ThirdParty:1030 - CMSIS Pack Vendor :STMicroelectronics USB_DEVICE 2.0.0
2026-08-08 14:42:06,255 [INFO] ThirdParty:1030 - CMSIS Pack Vendor :STMicroelectronics X-CUBE-FREERTOS 1.6.0
2026-08-08 14:42:06,255 [INFO] ThirdParty:1030 - CMSIS Pack Vendor :STMicroelectronics FP-SNS-STAIOTCFT 1.1.0
2026-08-08 14:42:06,255 [INFO] ThirdParty:1030 - CMSIS Pack Vendor :STMicroelectronics X-CUBE-MEMS1 12.0.0
2026-08-08 14:42:06,255 [INFO] ThirdParty:1030 - CMSIS Pack Vendor :STMicroelectronics X-CUBE-ALGOBUILD 1.5.0
2026-08-08 14:42:06,255 [INFO] ThirdParty:1030 - CMSIS Pack Vendor :STMicroelectronics FreeRTOS 0.0.1
2026-08-08 14:42:06,255 [INFO] ThirdParty:1030 - CMSIS Pack Vendor :STMicroelectronics X-CUBE-AZRTOS-H7RS 1.3.0
2026-08-08 14:42:06,255 [INFO] ThirdParty:1030 - CMSIS Pack Vendor :STMicroelectronics X-CUBE-AZRTOS-G0 1.1.0
2026-08-08 14:42:06,255 [INFO] ThirdParty:1030 - CMSIS Pack Vendor :STMicroelectronics X-CUBE-NFC4 3.0.0
2026-08-08 14:42:06,255 [INFO] ThirdParty:1030 - CMSIS Pack Vendor :STMicroelectronics X-CUBE-SUBG2 5.0.0
2026-08-08 14:42:06,255 [INFO] ThirdParty:1030 - CMSIS Pack Vendor :STMicroelectronics STM32_WPAN 1.0.0
2026-08-08 14:42:06,255 [INFO] ThirdParty:1030 - CMSIS Pack Vendor :EmbeddedOffice I-CUBE-FS-RTOS 1.0.1
2026-08-08 14:42:06,255 [INFO] ThirdParty:1030 - CMSIS Pack Vendor :STMicroelectronics lwIP 2.0.3
2026-08-08 14:42:06,255 [INFO] ThirdParty:1030 - CMSIS Pack Vendor :STMicroelectronics USB_HOST 1.0.0
2026-08-08 14:42:06,255 [INFO] ThirdParty:1030 - CMSIS Pack Vendor :STMicroelectronics X-CUBE-AZRTOS-G4 2.0.0
2026-08-08 14:42:06,255 [INFO] ThirdParty:1030 - CMSIS Pack Vendor :STMicroelectronics X-CUBE-WB05N 2.0.0
2026-08-08 14:42:06,255 [INFO] ThirdParty:1030 - CMSIS Pack Vendor :STMicroelectronics PDM2PCM 3.1.0
2026-08-08 14:42:06,255 [INFO] ThirdParty:1030 - CMSIS Pack Vendor :STMicroelectronics PDM2PCM 3.3.0
2026-08-08 14:42:06,256 [INFO] ThirdParty:1030 - CMSIS Pack Vendor :STMicroelectronics X-CUBE-DISPLAY 3.0.0
2026-08-08 14:42:06,256 [INFO] ThirdParty:1030 - CMSIS Pack Vendor :STMicroelectronics X-CUBE-NFC7 2.0.0
2026-08-08 14:42:06,256 [INFO] ThirdParty:1030 - CMSIS Pack Vendor :STMicroelectronics X-CUBE-GNSS1 7.1.1
2026-08-08 14:42:06,256 [INFO] ThirdParty:1030 - CMSIS Pack Vendor :STMicroelectronics X-CUBE-TCPP 4.2.0
2026-08-08 14:42:06,256 [INFO] ThirdParty:1030 - CMSIS Pack Vendor :RealThread X-CUBE-RT-Thread_Nano 4.1.1
2026-08-08 14:42:06,256 [INFO] ThirdParty:1030 - CMSIS Pack Vendor :STMicroelectronics FP-ATR-SIGFOX1 3.2.0
2026-08-08 14:42:06,256 [INFO] ThirdParty:1030 - CMSIS Pack Vendor :STMicroelectronics X-CUBE-NFC10 1.0.0
2026-08-08 14:42:06,256 [INFO] ThirdParty:1030 - CMSIS Pack Vendor :STMicroelectronics HAL Drivers 0.0.0
2026-08-08 14:42:06,256 [INFO] ThirdParty:1030 - CMSIS Pack Vendor :STMicroelectronics X-CUBE-FREERTOS 1.5.0
2026-08-08 14:42:06,256 [INFO] ThirdParty:1030 - CMSIS Pack Vendor :STMicroelectronics MBEDTLS 2.16.2
2026-08-08 14:42:06,256 [INFO] ThirdParty:1030 - CMSIS Pack Vendor :STMicroelectronics X-CUBE-ALS 1.0.2
2026-08-08 14:42:06,256 [INFO] ThirdParty:1030 - CMSIS Pack Vendor :STMicroelectronics MBEDTLS 2.14.1
2026-08-08 14:42:06,256 [INFO] ThirdParty:1030 - CMSIS Pack Vendor :STMicroelectronics X-CUBE-GNSS1 7.1.0
2026-08-08 14:42:06,256 [INFO] ThirdParty:1030 - CMSIS Pack Vendor :STMicroelectronics X-CUBE-AI 10.2.1
2026-08-08 14:42:06,256 [INFO] ThirdParty:1030 - CMSIS Pack Vendor :STMicroelectronics FP-SNS-STAIOTCFT 1.0.0
2026-08-08 14:42:06,256 [INFO] ThirdParty:1030 - CMSIS Pack Vendor :STMicroelectronics ThreadX 1.0.0
2026-08-08 14:42:06,256 [INFO] ThirdParty:1030 - CMSIS Pack Vendor :STMicroelectronics FP-SNS-SMARTAG2 1.2.0
2026-08-08 14:42:06,256 [INFO] ThirdParty:1030 - CMSIS Pack Vendor :STMicroelectronics X-CUBE-MEMS1 12.1.0
2026-08-08 14:42:06,256 [INFO] ThirdParty:1030 - CMSIS Pack Vendor :STMicroelectronics FP-SNS-FLIGHT1 5.1.0
2026-08-08 14:42:06,256 [INFO] ThirdParty:1030 - CMSIS Pack Vendor :STMicroelectronics X-CUBE-AZRTOS-WL 2.0.0
2026-08-08 14:42:06,257 [INFO] ThirdParty:1030 - CMSIS Pack Vendor :SEGGER I-CUBE-embOS 1.3.1
2026-08-08 14:42:06,257 [INFO] ThirdParty:1030 - CMSIS Pack Vendor :STMicroelectronics X-CUBE-ALGOBUILD 1.4.0
2026-08-08 14:42:06,257 [INFO] ThirdParty:1030 - CMSIS Pack Vendor :STMicroelectronics X-CUBE-DPower 1.3.0
2026-08-08 14:42:06,257 [INFO] ThirdParty:1030 - CMSIS Pack Vendor :STMicroelectronics USB_DEVICE 1.0.0
2026-08-08 14:42:06,257 [INFO] ThirdParty:1030 - CMSIS Pack Vendor :STMicroelectronics X-CUBE-AZRTOS-H7RS 1.2.0
2026-08-08 14:42:06,257 [INFO] ThirdParty:1030 - CMSIS Pack Vendor :STMicroelectronics X-CUBE-AZRTOS-L4 2.0.0
2026-08-08 14:42:06,257 [INFO] ThirdParty:1030 - CMSIS Pack Vendor :STMicroelectronics ThreadX 0.0.2
2026-08-08 14:42:06,257 [INFO] ThirdParty:1030 - CMSIS Pack Vendor :STMicroelectronics lwIP 2.1.2
2026-08-08 14:42:06,257 [INFO] ThirdParty:1030 - CMSIS Pack Vendor :STMicroelectronics X-CUBE-SFXS2LP1 4.0.0
2026-08-08 14:42:06,257 [INFO] ThirdParty:1030 - CMSIS Pack Vendor :STMicroelectronics X-CUBE-BLE2 3.3.0
2026-08-08 14:42:06,257 [INFO] ThirdParty:1030 - CMSIS Pack Vendor :Avnet-IOTCONNECT X-CUBE-iotc-st67-sdk 1.0.0
2026-08-08 14:42:06,257 [INFO] ThirdParty:1030 - CMSIS Pack Vendor :STMicroelectronics X-CUBE-TOF1 3.4.3
2026-08-08 14:42:06,257 [INFO] ThirdParty:1030 - CMSIS Pack Vendor :STMicroelectronics X-CUBE-NFC13 1.0.0
2026-08-08 14:42:06,257 [INFO] ThirdParty:1030 - CMSIS Pack Vendor :STMicroelectronics PDM2PCM 3.2.0
2026-08-08 14:42:06,265 [INFO] ThirdParty:841 - exiting critical section [change project]
2026-08-08 14:42:08,268 [INFO] PinOutPanel:1589 - setPackage(No Configuration,No Configuration)
2026-08-08 14:42:08,289 [INFO] PinOutPanel:1589 - setPackage(STM32F446RETx,LQFP64)
2026-08-08 14:42:09,968 [INFO] UtilMem:75 - Before build in PCC Used Memory: 302817056 Bytes (355467264)
2026-08-08 14:42:11,889 [INFO] UtilMem:75 - After build in PCC Used Memory: 233052520 Bytes (356515840)
2026-08-08 14:42:12,001 [INFO] ApiDbMcu:532 - Load IP Config File for FREERTOS
2026-08-08 14:42:12,113 [INFO] IPUIPlugin:80 - create IPUIPlugin
2026-08-08 14:42:12,113 [INFO] IPUIPlugin:80 - create IPUIPlugin
2026-08-08 14:42:12,113 [INFO] IPUIPlugin:80 - create IPUIPlugin
2026-08-08 14:42:12,114 [INFO] IPUIPlugin:80 - create IPUIPlugin
2026-08-08 14:42:12,114 [INFO] IPUIPlugin:80 - create IPUIPlugin
2026-08-08 14:42:12,115 [INFO] IPUIPlugin:80 - create IPUIPlugin
2026-08-08 14:42:12,115 [INFO] IPUIPlugin:80 - create IPUIPlugin
2026-08-08 14:42:12,116 [INFO] IPUIPlugin:80 - create IPUIPlugin
2026-08-08 14:42:12,116 [INFO] IPUIPlugin:80 - create IPUIPlugin
2026-08-08 14:42:12,116 [INFO] IPUIPlugin:80 - create IPUIPlugin
2026-08-08 14:42:12,116 [INFO] IPUIPlugin:80 - create IPUIPlugin
2026-08-08 14:42:12,116 [INFO] IPUIPlugin:80 - create IPUIPlugin
2026-08-08 14:42:12,120 [INFO] IPUIPlugin:80 - create IPUIPlugin
2026-08-08 14:42:12,121 [INFO] IPUIPlugin:80 - create IPUIPlugin
2026-08-08 14:42:12,121 [INFO] IPUIPlugin:80 - create IPUIPlugin
2026-08-08 14:42:12,121 [INFO] IPUIPlugin:80 - create IPUIPlugin
2026-08-08 14:42:12,121 [INFO] IPUIPlugin:80 - create IPUIPlugin
2026-08-08 14:42:12,121 [INFO] IPUIPlugin:80 - create IPUIPlugin
2026-08-08 14:42:12,121 [INFO] IPUIPlugin:80 - create IPUIPlugin
2026-08-08 14:42:12,121 [INFO] IPUIPlugin:80 - create IPUIPlugin
2026-08-08 14:42:12,121 [INFO] IPUIPlugin:80 - create IPUIPlugin
2026-08-08 14:42:12,122 [INFO] IPUIPlugin:80 - create IPUIPlugin
2026-08-08 14:42:12,122 [INFO] IPUIPlugin:80 - create IPUIPlugin
2026-08-08 14:42:12,122 [INFO] IPUIPlugin:80 - create IPUIPlugin
2026-08-08 14:42:12,122 [INFO] IPUIPlugin:80 - create IPUIPlugin
2026-08-08 14:42:12,122 [INFO] IPUIPlugin:80 - create IPUIPlugin
2026-08-08 14:42:12,122 [INFO] IPUIPlugin:80 - create IPUIPlugin
2026-08-08 14:42:12,122 [INFO] IPUIPlugin:80 - create IPUIPlugin
2026-08-08 14:42:12,123 [INFO] IPUIPlugin:80 - create IPUIPlugin
2026-08-08 14:42:12,123 [INFO] IPUIPlugin:80 - create IPUIPlugin
2026-08-08 14:42:12,123 [INFO] IPUIPlugin:80 - create IPUIPlugin
2026-08-08 14:42:12,123 [INFO] IPUIPlugin:80 - create IPUIPlugin
2026-08-08 14:42:12,123 [INFO] IPUIPlugin:80 - create IPUIPlugin
2026-08-08 14:42:12,123 [INFO] IPUIPlugin:80 - create IPUIPlugin
2026-08-08 14:42:12,123 [INFO] IPUIPlugin:80 - create IPUIPlugin
2026-08-08 14:42:12,123 [INFO] IPUIPlugin:80 - create IPUIPlugin
2026-08-08 14:42:12,124 [INFO] IPUIPlugin:80 - create IPUIPlugin
2026-08-08 14:42:12,124 [INFO] IPUIPlugin:80 - create IPUIPlugin
2026-08-08 14:42:12,124 [INFO] IPUIPlugin:80 - create IPUIPlugin
2026-08-08 14:42:12,124 [INFO] IPUIPlugin:80 - create IPUIPlugin
2026-08-08 14:42:12,124 [INFO] IPUIPlugin:80 - create IPUIPlugin
2026-08-08 14:42:12,124 [INFO] IPUIPlugin:80 - create IPUIPlugin
2026-08-08 14:42:12,124 [INFO] IPUIPlugin:80 - create IPUIPlugin
2026-08-08 14:42:12,124 [INFO] IPUIPlugin:80 - create IPUIPlugin
2026-08-08 14:42:12,124 [INFO] IPUIPlugin:80 - create IPUIPlugin
2026-08-08 14:42:12,127 [INFO] IPUIPlugin:80 - create IPUIPlugin
2026-08-08 14:42:12,130 [INFO] IPUIPlugin:80 - create IPUIPlugin
2026-08-08 14:42:12,131 [INFO] IPUIPlugin:80 - create IPUIPlugin
2026-08-08 14:42:12,131 [INFO] IPUIPlugin:80 - create IPUIPlugin
2026-08-08 14:42:12,131 [INFO] IPUIPlugin:80 - create IPUIPlugin
2026-08-08 14:42:12,131 [INFO] IPUIPlugin:80 - create IPUIPlugin
2026-08-08 14:42:12,131 [INFO] IPUIPlugin:80 - create IPUIPlugin
2026-08-08 14:42:12,132 [INFO] IPUIPlugin:80 - create IPUIPlugin
2026-08-08 14:42:12,132 [INFO] IPUIPlugin:80 - create IPUIPlugin
2026-08-08 14:42:12,132 [INFO] IPUIPlugin:80 - create IPUIPlugin
2026-08-08 14:42:12,132 [INFO] IPUIPlugin:80 - create IPUIPlugin
2026-08-08 14:42:12,132 [INFO] IPUIPlugin:80 - create IPUIPlugin
2026-08-08 14:42:12,133 [INFO] IPUIPlugin:80 - create IPUIPlugin
2026-08-08 14:42:12,133 [INFO] IPUIPlugin:80 - create IPUIPlugin
2026-08-08 14:42:12,133 [INFO] IPUIPlugin:80 - create IPUIPlugin
2026-08-08 14:42:12,159 [INFO] ApiDbMcu:532 - Load IP Config File for PDM2PCM
2026-08-08 14:42:12,188 [WARN] IP:2250 - I2C_Coeff_DF not found: check if there is a RefParameter without a condition.
2026-08-08 14:42:12,188 [WARN] IP:2250 - Analog_Filter not found: check if there is a RefParameter without a condition.
2026-08-08 14:42:12,261 [WARN] FreeRTOS:1023 - Null or empty value: should not occur! (nothing added to the table)
2026-08-08 14:42:12,629 [INFO] CADModel:165 - CPN selected for project levelSTM32F446RET6
2026-08-08 14:42:12,629 [INFO] CADModel:114 - Register for checkConnection events
2026-08-08 14:42:12,634 [INFO] RtosManager:728 - Active RTOS found at IOC load: FREERTOS [Cortex-M4NS]
2026-08-08 14:42:12,724 [INFO] OpenFileManager:386 - Restore cursor
2026-08-08 14:42:13,607 [WARN] IP:2250 - I2C_Coeff_DF not found: check if there is a RefParameter without a condition.
2026-08-08 14:42:13,619 [WARN] IP:2250 - Analog_Filter not found: check if there is a RefParameter without a condition.
2026-08-08 14:42:13,624 [WARN] IP:2250 - I2C_Coeff_DF not found: check if there is a RefParameter without a condition.
2026-08-08 14:42:13,624 [WARN] IP:2250 - Analog_Filter not found: check if there is a RefParameter without a condition.
2026-08-08 14:42:43,534 [WARN] IP:2250 - I2C_Coeff_DF not found: check if there is a RefParameter without a condition.
2026-08-08 14:42:43,548 [WARN] IP:2250 - Analog_Filter not found: check if there is a RefParameter without a condition.
2026-08-08 14:42:43,553 [WARN] IP:2250 - I2C_Coeff_DF not found: check if there is a RefParameter without a condition.
2026-08-08 14:42:43,553 [WARN] IP:2250 - Analog_Filter not found: check if there is a RefParameter without a condition.
2026-08-08 14:56:30,307 [ERROR] LogOutputStream:75 - [STDERR_REDIRECT] 
